variant,threshold,param,ours,ss23,ratio,n,neff
"ours (event-rate weighted, u0 <= 3)",0.01,tE,5.9938165499649845,24.48,0.2448454473024912,11327,4893.856608227603
"ours (event-rate weighted, u0 <= 3)",0.01,piE,1.0727848207536526,7.55,0.14209070473558313,11327,4893.856608227603
"ours (event-rate weighted, u0 <= 3)",0.01,tetE,46.93769232787589,67.89,0.6913785878314316,11327,4893.856608227603
"ours (event-rate weighted, u0 <= 3)",0.01,Ml,0.5526302998852036,5.3,0.10426986790286862,11327,4893.856608227603
"ours (event-rate weighted, u0 <= 3)",0.05,tE,18.78726341795947,54.23,0.3464367217031066,11327,4893.856608227603
"ours (event-rate weighted, u0 <= 3)",0.05,piE,5.79471048560613,21.38,0.2710341667729715,11327,4893.856608227603
"ours (event-rate weighted, u0 <= 3)",0.05,tetE,79.55746752452258,96.75,0.8222994059382178,11327,4893.856608227603
"ours (event-rate weighted, u0 <= 3)",0.05,Ml,5.071609376282238,20.81,0.24371020549169814,11327,4893.856608227603
"ours (event-rate weighted, u0 <= 3)",0.1,tE,25.973540780868642,66.95,0.3879543059128998,11327,4893.856608227603
"ours (event-rate weighted, u0 <= 3)",0.1,piE,10.015740605772143,30.0,0.33385802019240474,11327,4893.856608227603
"ours (event-rate weighted, u0 <= 3)",0.1,tetE,88.78417907175499,99.17,0.8952725529066753,11327,4893.856608227603
"ours (event-rate weighted, u0 <= 3)",0.1,Ml,9.286705853947563,29.79,0.311739035043557,11327,4893.856608227603
u0 <= 1 only,0.01,tE,12.830591144639733,24.48,0.5241254552548911,5079,2174.7697282936388
u0 <= 1 only,0.01,piE,2.2090600562858866,7.55,0.29259073593190554,5079,2174.7697282936388
u0 <= 1 only,0.01,tetE,22.471090798919064,67.89,0.3309926469129336,5079,2174.7697282936388
u0 <= 1 only,0.01,Ml,1.073633612232738,5.3,0.20257237966655434,5079,2174.7697282936388
u0 <= 1 only,0.05,tE,39.09934329169428,54.23,0.7209910251096124,5079,2174.7697282936388
u0 <= 1 only,0.05,piE,11.406888986587166,21.38,0.5335308225718974,5079,2174.7697282936388
u0 <= 1 only,0.05,tetE,61.460890626880115,96.75,0.635254683481965,5079,2174.7697282936388
u0 <= 1 only,0.05,Ml,9.794091818824755,20.81,0.4706435280550099,5079,2174.7697282936388
u0 <= 1 only,0.1,tE,51.653582403675465,66.95,0.7715247558428,5079,2174.7697282936388
u0 <= 1 only,0.1,piE,18.97473900973275,30.0,0.632491300324425,5079,2174.7697282936388
u0 <= 1 only,0.1,tetE,77.31640718508817,99.17,0.7796350427053359,5079,2174.7697282936388
u0 <= 1 only,0.1,Ml,17.26107670786212,29.79,0.5794251999953717,5079,2174.7697282936388
t0 on Roman's mission only,0.01,tE,8.149423915313717,24.48,0.3329013037301355,7230,3387.343079049529
t0 on Roman's mission only,0.01,piE,1.3883791017408726,7.55,0.18389127175375797,7230,3387.343079049529
t0 on Roman's mission only,0.01,tetE,46.54302514763227,67.89,0.685565254789104,7230,3387.343079049529
t0 on Roman's mission only,0.01,Ml,0.7145641537754016,5.3,0.1348234252406418,7230,3387.343079049529
t0 on Roman's mission only,0.05,tE,24.560923866004256,54.23,0.45290289260564737,7230,3387.343079049529
t0 on Roman's mission only,0.05,piE,7.216124654574759,21.38,0.3375175236003161,7230,3387.343079049529
t0 on Roman's mission only,0.05,tetE,78.39608972579394,96.75,0.8102955010417978,7230,3387.343079049529
t0 on Roman's mission only,0.05,Ml,6.310396236537587,20.81,0.3032386466380388,7230,3387.343079049529
t0 on Roman's mission only,0.1,tE,33.57758282403181,66.95,0.5015322303813563,7230,3387.343079049529
t0 on Roman's mission only,0.1,piE,12.29986611873541,30.0,0.4099955372911804,7230,3387.343079049529
t0 on Roman's mission only,0.1,tetE,88.04221542728084,99.17,0.887790818062729,7230,3387.343079049529
t0 on Roman's mission only,0.1,Ml,11.238107454582762,29.79,0.37724429186246267,7230,3387.343079049529
unweighted only (SS23's counting),0.01,tE,7.530678908801978,24.48,0.30762577241838146,11327,11327.0
unweighted only (SS23's counting),0.01,piE,3.9198375562814514,7.55,0.5191837822889339,11327,11327.0
unweighted only (SS23's counting),0.01,tetE,49.739560342544365,67.89,0.7326492906546526,11327,11327.0
unweighted only (SS23's counting),0.01,Ml,1.9334333892469322,5.3,0.3647987526881004,11327,11327.0
unweighted only (SS23's counting),0.05,tE,20.808687207557163,54.23,0.38371173165327616,11327,11327.0
unweighted only (SS23's counting),0.05,piE,12.880727465348283,21.38,0.6024662051145128,11327,11327.0
unweighted only (SS23's counting),0.05,tetE,82.74035490421117,96.75,0.855197466710193,11327,11327.0
unweighted only (SS23's counting),0.05,Ml,11.450516465083428,20.81,0.5502410603115535,11327,11327.0
unweighted only (SS23's counting),0.1,tE,27.792001412554075,66.95,0.41511577912702124,11327,11327.0
unweighted only (SS23's counting),0.1,piE,19.069480003531385,30.0,0.6356493334510461,11327,11327.0
unweighted only (SS23's counting),0.1,tetE,91.06559547982697,99.17,0.9182776593710493,11327,11327.0
unweighted only (SS23's counting),0.1,Ml,18.398516818221946,29.79,0.6176071439483701,11327,11327.0
"SS23 sample: unweighted, u0 <= 1, t0 on mission",0.01,tE,23.217665615141957,24.48,0.9484340529061257,3170,3170.0
"SS23 sample: unweighted, u0 <= 1, t0 on mission",0.01,piE,10.946372239747634,7.55,1.4498506277811436,3170,3170.0
"SS23 sample: unweighted, u0 <= 1, t0 on mission",0.01,tetE,27.097791798107256,67.89,0.3991426100767014,3170,3170.0
"SS23 sample: unweighted, u0 <= 1, t0 on mission",0.01,Ml,4.952681388012619,5.3,0.9344681864174752,3170,3170.0
"SS23 sample: unweighted, u0 <= 1, t0 on mission",0.05,tE,58.10725552050473,54.23,1.0714965060023,3170,3170.0
"SS23 sample: unweighted, u0 <= 1, t0 on mission",0.05,piE,30.694006309148264,21.38,1.4356410808769067,3170,3170.0
"SS23 sample: unweighted, u0 <= 1, t0 on mission",0.05,tetE,65.89905362776025,96.75,0.6811271692791757,3170,3170.0
"SS23 sample: unweighted, u0 <= 1, t0 on mission",0.05,Ml,26.05678233438486,20.81,1.252127935338052,3170,3170.0
"SS23 sample: unweighted, u0 <= 1, t0 on mission",0.1,tE,71.86119873817034,66.95,1.0733562171496691,3170,3170.0
"SS23 sample: unweighted, u0 <= 1, t0 on mission",0.1,piE,42.05047318611987,30.0,1.401682439537329,3170,3170.0
"SS23 sample: unweighted, u0 <= 1, t0 on mission",0.1,tetE,80.22082018927445,99.17,0.808922256622713,3170,3170.0
"SS23 sample: unweighted, u0 <= 1, t0 on mission",0.1,Ml,38.138801261829656,29.79,1.2802551615249969,3170,3170.0
"SS23 sample, event-rate weighted: u0 <= 1, t0 on mission",0.01,tE,17.72577184200632,24.48,0.724091987010062,3170,1471.9415415447645
"SS23 sample, event-rate weighted: u0 <= 1, t0 on mission",0.01,piE,2.8925781051112245,7.55,0.38312292782930124,3170,1471.9415415447645
"SS23 sample, event-rate weighted: u0 <= 1, t0 on mission",0.01,tetE,21.86561870330251,67.89,0.3220742186375388,3170,1471.9415415447645
"SS23 sample, event-rate weighted: u0 <= 1, t0 on mission",0.01,Ml,1.4005424613227804,5.3,0.2642532945892039,3170,1471.9415415447645
"SS23 sample, event-rate weighted: u0 <= 1, t0 on mission",0.05,tE,51.810307562321775,54.23,0.9553809249921036,3170,1471.9415415447645
"SS23 sample, event-rate weighted: u0 <= 1, t0 on mission",0.05,piE,14.33687811128157,21.38,0.6705742802283241,3170,1471.9415415447645
"SS23 sample, event-rate weighted: u0 <= 1, t0 on mission",0.05,tetE,58.78065765621829,96.75,0.6075520171185352,3170,1471.9415415447645
"SS23 sample, event-rate weighted: u0 <= 1, t0 on mission",0.05,Ml,12.320134749835749,20.81,0.5920295410781234,3170,1471.9415415447645
"SS23 sample, event-rate weighted: u0 <= 1, t0 on mission",0.1,tE,67.38689167194686,66.95,1.0065256411045087,3170,1471.9415415447645
"SS23 sample, event-rate weighted: u0 <= 1, t0 on mission",0.1,piE,23.459288903333125,30.0,0.7819762967777708,3170,1471.9415415447645
"SS23 sample, event-rate weighted: u0 <= 1, t0 on mission",0.1,tetE,75.4655166490721,99.17,0.7609712276804689,3170,1471.9415415447645
"SS23 sample, event-rate weighted: u0 <= 1, t0 on mission",0.1,Ml,21.072360976185195,29.79,0.7073635775825846,3170,1471.9415415447645
