population,section,quantity,value,err,n,n_eff,logged,note
bulge,"intrinsic tE, all draws","weighted mean tE [d], whole scan",24.022248445869057,0.037204607660306054,12222487.0,578518.4565999493,24.0,
bulge,"intrinsic tE, all draws","unweighted mean tE [d], whole scan",54.38833796524307,0.06181725439955422,12222487.0,,56.2,
bulge,"intrinsic tE, all draws","weighted mean tE [d], -6<=b<=-1, |l|<2 (OGLE central bins)",23.505491887260504,0.09619522768034304,628787.0,93924.25924090324,,
bulge,"intrinsic tE, all draws","unweighted mean tE [d], -6<=b<=-1, |l|<2 (OGLE central bins)",53.77394306125298,0.19740096426352652,628787.0,,,
bulge,"intrinsic tE, all draws","weighted mean tE [d], -6<=b<=-1, whole longitude range",24.249733472740164,0.06126344565781702,5210396.0,238577.55765617228,,
bulge,"intrinsic tE, all draws","unweighted mean tE [d], -6<=b<=-1, whole longitude range",56.762693355987224,0.1112237431985635,5210396.0,,,
bulge,dust (footprint),"median A_r [mag], all draws with Roman epochs",3.7350900173187256,0.01457142221333176,44119.0,18092.206083436628,,
bulge,"yield N_1, whole scan",joint,247837.68937905668,2547.4535514835243,85061.0,,,
bulge,"yield N_1, whole scan",Rubin detects,174933.81568773167,2207.777238095966,75533.0,,,
bulge,"yield N_1, whole scan",Roman detects,81860.75986008643,1353.7816693081013,11468.0,,,
bulge,"yield N_1, whole scan",both detect,9488.19807605164,476.19583261913414,2016.0,,,
bulge,"yield N_1, whole scan",Rubin only,165445.61761168,2155.8102565046906,73517.0,,,
bulge,"yield N_1, whole scan",Roman only,72372.56178403478,1267.2656931957083,9452.0,,,
bulge,"yield N_1, whole scan","Roman, sigma(M)/M<10%",1929.5264656399804,263.87090137424286,1089.0,,,
bulge,"yield N_1, whole scan","joint, sigma(M)/M<10%",2126.231563917994,267.16490007190134,1240.0,,,
bulge,"yield N_1, whole scan","Roman, sigma(M)/M<1%",11.697638952247475,3.8932785098004454,32.0,,,
bulge,"yield N_1, footprint",joint,89736.54356587186,1424.3508094224198,12461.0,,,
bulge,"yield N_1, footprint",Rubin detects,16832.669874546824,643.0676203875697,2933.0,,,
bulge,"yield N_1, footprint",Roman detects,81860.75986008643,1353.7816693081013,11468.0,,,
bulge,"yield N_1, footprint",both detect,9488.19807605164,476.19583261913414,2016.0,,,
bulge,"yield N_1, footprint",Rubin only,7344.471798495186,432.17299011750043,917.0,,,
bulge,"yield N_1, footprint",Roman only,72372.56178403478,1267.2656931957083,9452.0,,,
bulge,"yield N_1, footprint","Roman, sigma(M)/M<10%",1929.5264656399804,263.87090137424286,1089.0,,,
bulge,"yield N_1, footprint","joint, sigma(M)/M<10%",2124.835996968536,267.16336746704496,1234.0,,,
bulge,"yield N_1, footprint","Roman, sigma(M)/M<1%",11.697638952247475,3.8932785098004454,32.0,,,
bulge,"yield N_1, footprint","joint/Roman, sigma(M)/M<10%",1.1012214835124203,0.026234977782381264,,,,
bulge,"yield N_1, whole scan",share of detections outside the footprint,0.6379221264098222,0.0047265392601063385,85061.0,,,
bulge,"yield N_1, whole scan",share of Rubin detections inside the footprint,0.09622307618667761,0.0035015295416779965,75533.0,,,
bulge,"yield N_1, footprint","Roman also detects, of Rubin's detections",0.5636775476954505,0.019157070234236743,2933.0,685.1611455917414,,
bulge,"detection share (weighted, all detections)",Rubin only,66.75559382961183,0.447310221867811,85061.0,9465.455341159439,67.0,
bulge,"detection share (weighted, all detections)",Roman only,29.201703316705483,0.4299670057247453,85061.0,9465.455341159439,29.0,
bulge,"detection share (weighted, all detections)",both,3.8283402975554153,0.1832979234151895,85061.0,9465.455341159439,4.0,
bulge,"joint/single, events both surveys constrain",N (okA_L & okA_R),12271.0,,,,,
bulge,"joint/single, events both surveys constrain",median sigma_J/sigma_Rubin (tE),0.006117106786574006,0.00034005987694958254,12271.0,3887.2238643338933,,
bulge,"joint/single, events both surveys constrain",median sigma_J/sigma_Roman (tE),0.9987711682223548,0.00016282865218501257,12271.0,3887.2238643338933,,
bulge,"joint/single, events both surveys constrain",median sigma_J/sigma_Rubin (piE),0.005759228793257713,0.00033605755992549547,12271.0,3887.2238643338933,,
bulge,"joint/single, events both surveys constrain",median sigma_J/sigma_Roman (piE),0.9989665836916346,0.00013040949024675186,12271.0,3887.2238643338933,,
bulge,"joint/single, events both surveys constrain",median sigma_J/sigma_Rubin (tetE),0.03204423213762505,0.0007240463317897332,12271.0,3887.223864333894,,
bulge,"joint/single, events both surveys constrain",median sigma_J/sigma_Roman (tetE),0.9988383017535197,6.0737009313993734e-05,12271.0,3887.2238643338933,,
bulge,centroid shift (all detections),median max shift [mas],0.13207720851666402,0.001115729733068387,85061.0,9465.455341159439,,
bulge,centroid shift (all detections),above Roman's 1.1 mas floor [%],0.3980922533742102,0.1145903730116201,85061.0,9465.455341159439,,
bulge,centroid shift (footprint detections),median max shift [mas],0.12357610240050461,0.0014575324340894552,12461.0,3969.309210063662,,
bulge,centroid shift (footprint detections),above Roman's 1.1 mas floor [%],0.47991965905914413,0.287708423340403,12461.0,3969.309210063663,,
bulge,"measured to 10% (own measured set, p7)",tE joint,6.741695532492001,0.23210045560203402,82898.0,9309.68581365516,,
bulge,"measured to 10% (own measured set, p7)",tE rubin,2.2103743842477495,0.16169604866400517,82807.0,9278.940033197878,,
bulge,"measured to 10% (own measured set, p7)",tE roman,11.624868470835292,0.5044355320352089,12399.0,3938.549359883105,,
bulge,"measured to 10% (own measured set, p7)",piE joint,1.9420457726995701,0.12129099170172784,82898.0,9309.68581365516,,
bulge,"measured to 10% (own measured set, p7)",piE rubin,0.6427931370055437,0.037413817108614154,82807.0,9278.940033197878,,
bulge,"measured to 10% (own measured set, p7)",piE roman,3.3425739004407777,0.3095219024343364,12399.0,3938.549359883105,,
bulge,"measured to 10% (own measured set, p7)",tetE joint,18.330557267117854,0.39139107521177774,85061.0,9465.455341159439,,
bulge,"measured to 10% (own measured set, p7)",tetE rubin,0.09380099474155974,0.01903667908791745,84985.0,9440.100391493668,,
bulge,"measured to 10% (own measured set, p7)",tetE roman,50.264612057749716,0.7925167185751638,12461.0,3969.309210063663,,
bulge,"measured to 10% (own measured set, p7)",Ml joint,0.8579344459080582,0.10881279597947546,85061.0,9465.455341159439,,
bulge,"measured to 10% (own measured set, p7)",Ml rubin,0.0010233132977705362,0.00048378221873353284,84985.0,9440.100391493668,,
bulge,"measured to 10% (own measured set, p7)",Ml roman,2.150953501073433,0.29488713158141416,12461.0,3969.309210063663,,
bulge,image resolution: P over the survey's detections,Rubin nres5,0.011382856704148613,0.009490130293379919,75533.0,6278.5178462843105,,
bulge,"image resolution: yield N_1, whole scan",Rubin nres5,19.910713025487738,17.509787362120733,6.0,,,
bulge,"image resolution: yield N_1, footprint",Rubin nres5,0.0,0.0,0.0,,,
bulge,image resolution: P over the survey's detections,Rubin nres20,0.0,0.0,75533.0,6278.5178462843105,,
bulge,"image resolution: yield N_1, whole scan",Rubin nres20,0.0,0.0,0.0,,,
bulge,"image resolution: yield N_1, footprint",Rubin nres20,0.0,0.0,0.0,,,
bulge,image resolution: P over the survey's detections,Rubin nresPSF,0.0,0.0,75533.0,6278.5178462843105,,
bulge,"image resolution: yield N_1, whole scan",Rubin nresPSF,0.0,0.0,0.0,,,
bulge,"image resolution: yield N_1, footprint",Rubin nresPSF,0.0,0.0,0.0,,,
bulge,"image resolution: P, Rubin detections in the footprint",Rubin nres5,0.0,0.0,2933.0,685.1387027682009,,
bulge,"image resolution: P, Rubin detections in the footprint",Rubin nres20,0.0,0.0,2933.0,685.1387027682009,,
bulge,"image resolution: P, Rubin detections in the footprint",Rubin nresPSF,0.0,0.0,2933.0,685.1387027682009,,
bulge,image resolution: P over the survey's detections,Roman nres5,5.061840777671097,0.47682454501255955,11468.0,3656.5573040087206,,
bulge,"image resolution: yield N_1, whole scan",Roman nres5,4143.639571466068,412.1840108554216,732.0,,,
bulge,"image resolution: yield N_1, footprint",Roman nres5,4143.639571466068,412.1840108554216,732.0,,,
bulge,image resolution: P over the survey's detections,Roman nres20,0.5604451729748746,0.31305058624296406,11468.0,3656.5573040087206,,
bulge,"image resolution: yield N_1, whole scan",Roman nres20,458.8260823622427,239.86403580995733,35.0,,,
bulge,"image resolution: yield N_1, footprint",Roman nres20,458.8260823622427,239.86403580995733,35.0,,,
bulge,image resolution: P over the survey's detections,Roman nresPSF,0.0,0.0,11468.0,3656.5573040087206,,
bulge,"image resolution: yield N_1, whole scan",Roman nresPSF,0.0,0.0,0.0,,,
bulge,"image resolution: yield N_1, footprint",Roman nresPSF,0.0,0.0,0.0,,,
bulge,image resolution: who is resolved,"median theta_E [mas], resolvable (Roman, D=5)",0.982724,0.07175632584628881,732.0,101.07451417005099,,
bulge,image resolution: who is resolved,"median theta_E [mas], all Roman detections",0.361942,0.004509827083596857,11468.0,3656.5573040087193,,
bulge,image resolution: who is resolved,"median M_L [Msun], resolvable (Roman, D=5)",0.686005,0.04935208387636174,732.0,101.07451417005102,,
bulge,image resolution: who is resolved,"median M_L [Msun], all Roman detections",0.368771,0.0068318616927301535,11468.0,3656.5573040087193,,
bulge,image resolution: who is resolved,"median D_L [kpc], resolvable (Roman, D=5)",3.80463,0.19762075481688246,732.0,101.07451417005096,,
bulge,image resolution: who is resolved,"median D_L [kpc], all Roman detections",6.38905,0.042299446582306215,11468.0,3656.5573040087215,,
bulge,image resolution: who is resolved,"median t_E [d], resolvable (Roman, D=5)",52.8889,4.870892287875748,732.0,101.074514170051,,
bulge,image resolution: who is resolved,"median t_E [d], all Roman detections",21.3559,0.31566898235176677,11468.0,3656.55730400872,,
bulge,image resolution: who is resolved,"median largest resolved separation [mas], resolvable (Roman, D=5)",8.24318,0.5953826082978907,732.0,101.074514170051,,
bulge,image resolution: who is resolved,"median largest resolved separation [mas], all Roman detections",1.60677,0.017727111063830302,11468.0,3656.5573040087193,,
bulge,"image resolution: P(Roman, D=5) by theta_E","theta_E in [0,1) mas",2.7129047766287866,0.2582583713432457,10510.0,3618.5124857942787,,
bulge,"image resolution: P(Roman, D=5) by theta_E","theta_E in [1,2) mas",34.80422264287592,3.7540699907096013,800.0,163.05477909151168,,
bulge,"image resolution: P(Roman, D=5) by theta_E","theta_E in [2,3) mas",77.8931691279822,12.18192176889151,113.0,7.108392512294718,,
bulge,"image resolution: P(Roman, D=5) by theta_E","theta_E in [3,5) mas",94.5131805589905,17.858755842350977,33.0,1.4060178486592367,,
bulge,"what Roman adds, over Rubin's footprint detections",N_1 of the denominator,16832.669874546824,643.0676203875697,2933.0,,,
bulge,"what Roman adds, over Rubin's footprint detections","characterised (tE>2sig, piE>2sig): Rubin alone [%]",4.984449788672472,1.3539208171706851,2933.0,685.1387027682009,,
bulge,"what Roman adds, over Rubin's footprint detections","characterised (tE>2sig, piE>2sig): joint [%]",26.005540981727034,1.70473957196258,2933.0,685.1387027682009,,
bulge,"what Roman adds, over Rubin's footprint detections","characterised (tE>2sig, piE>2sig): Rubin alone, N_1",838.9807181155875,233.69759885590796,656.0,,,
bulge,"what Roman adds, over Rubin's footprint detections","characterised (tE>2sig, piE>2sig): joint, N_1",4377.43106238167,329.03467355279173,1643.0,,,
bulge,"what Roman adds, over Rubin's footprint detections","characterised (tE>2sig, piE>2sig): joint / Rubin alone (yield ratio)",5.217558601601361,1.3039622600210243,,,,
bulge,"what Roman adds, over Rubin's footprint detections",tE to 10%: Rubin alone [%],4.441616418489267,1.385225306827892,2933.0,685.1387027682009,,
bulge,"what Roman adds, over Rubin's footprint detections",tE to 10%: joint [%],33.2676751249061,1.8450760479590493,2933.0,685.1387027682009,,
bulge,"what Roman adds, over Rubin's footprint detections","tE to 10%: Rubin alone, N_1",747.6151888668305,237.27358423790372,341.0,,,
bulge,"what Roman adds, over Rubin's footprint detections","tE to 10%: joint, N_1",5599.933633217347,379.3236204675712,1387.0,,,
bulge,"what Roman adds, over Rubin's footprint detections",tE to 10%: joint / Rubin alone (yield ratio),7.490395749857938,2.5010430868315745,,,,
bulge,"what Roman adds, over Rubin's footprint detections",piE to 10%: Rubin alone [%],0.8074808212183587,0.11035607612203409,2933.0,685.1387027682009,,
bulge,"what Roman adds, over Rubin's footprint detections",piE to 10%: joint [%],12.352185306587003,1.4719508479134624,2933.0,685.1387027682009,,
bulge,"what Roman adds, over Rubin's footprint detections","piE to 10%: Rubin alone, N_1",135.91872829946686,17.208437612602797,293.0,,,
bulge,"what Roman adds, over Rubin's footprint detections","piE to 10%: joint, N_1",2079.119827586928,271.7180410937241,1068.0,,,
bulge,"what Roman adds, over Rubin's footprint detections",piE to 10%: joint / Rubin alone (yield ratio),15.29678693730894,2.727393048750319,,,,
bulge,"what Roman adds, over Rubin's footprint detections",tetE to 10%: Rubin alone [%],0.041206542772770915,0.0238793593681671,2933.0,685.1387027682009,,
bulge,"what Roman adds, over Rubin's footprint detections",tetE to 10%: joint [%],60.70298610269516,1.7857359777247013,2933.0,685.1387027682009,,
bulge,"what Roman adds, over Rubin's footprint detections","tetE to 10%: Rubin alone, N_1",6.935576526827868,3.9478446113034305,14.0,,,
bulge,"what Roman adds, over Rubin's footprint detections","tetE to 10%: joint, N_1",10218.359382759078,535.2747336278708,1856.0,,,
bulge,"what Roman adds, over Rubin's footprint detections",tetE to 10%: joint / Rubin alone (yield ratio),1473.3251580792032,2043.613763235148,,,,
bulge,"what Roman adds, over Rubin's footprint detections",Ml to 10%: Rubin alone [%],0.006747085121395096,0.004545811009550896,2933.0,685.1387027682009,,
bulge,"what Roman adds, over Rubin's footprint detections",Ml to 10%: joint [%],8.852053819352886,1.4274108317598633,2933.0,685.1387027682009,,
bulge,"what Roman adds, over Rubin's footprint detections","Ml to 10%: Rubin alone, N_1",1.1356188130244995,0.7725060202507964,3.0,,,
bulge,"what Roman adds, over Rubin's footprint detections","Ml to 10%: joint, N_1",1489.9989885833147,255.11947943613984,777.0,,,
bulge,"what Roman adds, over Rubin's footprint detections",Ml to 10%: joint / Rubin alone (yield ratio),1312.0590919192266,,,,,
bulge,"what Roman adds, over Rubin's footprint detections",median sigma_J/sigma_Rubin (tE),0.15697711052395016,0.02061507981565399,2899.0,670.0932570723446,,
bulge,"what Roman adds, over Rubin's footprint detections",median sigma_J/sigma_Rubin (piE),0.12946695542825207,0.014204151156385656,2899.0,670.0932570723446,,
bulge,"what Roman adds, over Rubin's footprint detections",median sigma_J/sigma_Rubin (tetE),0.022585186727245802,0.00043073443817440713,2933.0,685.1387027682009,,
bulge,"what Roman adds, over Rubin's footprint detections",median sigma_J/sigma_Rubin (Ml),0.1035915331892195,0.011406701024677493,2933.0,685.1387027682009,,
bulge,"what Rubin adds, over Roman's footprint detections",N_1 of the denominator,81860.75986008643,1353.7816693081013,11468.0,,,
bulge,"what Rubin adds, over Roman's footprint detections","characterised (tE>2sig, piE>2sig): Roman alone [%]",11.082967077590043,0.5122101817763766,11468.0,3656.5573040087206,,
bulge,"what Rubin adds, over Roman's footprint detections","characterised (tE>2sig, piE>2sig): joint [%]",12.36457148389755,0.5255723791023492,11468.0,3656.5573040087206,,
bulge,"what Rubin adds, over Roman's footprint detections","characterised (tE>2sig, piE>2sig): Roman alone, N_1",9071.724278699328,417.15630445414104,3412.0,,,
bulge,"what Rubin adds, over Roman's footprint detections","characterised (tE>2sig, piE>2sig): joint, N_1",10120.863847463246,435.4555497813156,3821.0,,,
bulge,"what Rubin adds, over Roman's footprint detections","characterised (tE>2sig, piE>2sig): joint / Roman alone (yield ratio)",1.1156494109093822,0.01624090822635727,,,,
bulge,"what Rubin adds, over Roman's footprint detections",tE to 10%: Roman alone [%],12.664868261564145,0.5460960090492412,11468.0,3656.5573040087206,,
bulge,"what Rubin adds, over Roman's footprint detections",tE to 10%: joint [%],14.432781783347092,0.5686065537705134,11468.0,3656.5573040087206,,
bulge,"what Rubin adds, over Roman's footprint detections","tE to 10%: Roman alone, N_1",10366.93607242904,494.00484165427343,2352.0,,,
bulge,"what Rubin adds, over Roman's footprint detections","tE to 10%: joint, N_1",11814.076328648871,521.8235415414767,2659.0,,,
bulge,"what Rubin adds, over Roman's footprint detections",tE to 10%: joint / Roman alone (yield ratio),1.1395918954365423,0.01760186375350266,,,,
bulge,"what Rubin adds, over Roman's footprint detections",piE to 10%: Roman alone [%],3.6416117919812705,0.33668564643733967,11468.0,3656.5573040087206,,
bulge,"what Rubin adds, over Roman's footprint detections",piE to 10%: joint [%],4.0483720474316955,0.34507318615211136,11468.0,3656.5573040087206,,
bulge,"what Rubin adds, over Roman's footprint detections","piE to 10%: Roman alone, N_1",2980.970431491894,283.41309848624053,1773.0,,,
bulge,"what Rubin adds, over Roman's footprint detections","piE to 10%: joint, N_1",3313.9393023639577,290.3724288129643,1985.0,,,
bulge,"what Rubin adds, over Roman's footprint detections",piE to 10%: joint / Roman alone (yield ratio),1.1116981461320377,0.023741501568479227,,,,
bulge,"what Rubin adds, over Roman's footprint detections",tetE to 10%: Roman alone [%],50.73935501770628,0.8226111317184781,11468.0,3656.5573040087206,,
bulge,"what Rubin adds, over Roman's footprint detections",tetE to 10%: joint [%],50.87174417398823,0.8202383562108362,11468.0,3656.5573040087206,,
bulge,"what Rubin adds, over Roman's footprint detections","tetE to 10%: Roman alone, N_1",41534.4804697965,1007.4772914601195,6271.0,,,
bulge,"what Rubin adds, over Roman's footprint detections","tetE to 10%: joint, N_1",41642.85746850528,1008.5999018613101,6281.0,,,
bulge,"what Rubin adds, over Roman's footprint detections",tetE to 10%: joint / Roman alone (yield ratio),1.0026093259740565,0.0011281629956671466,,,,
bulge,"what Rubin adds, over Roman's footprint detections",Ml to 10%: Roman alone [%],2.357134387054025,0.3231250647363143,11468.0,3656.5573040087206,,
bulge,"what Rubin adds, over Roman's footprint detections",Ml to 10%: joint [%],2.5863007312577744,0.32686797975666887,11468.0,3656.5573040087206,,
bulge,"what Rubin adds, over Roman's footprint detections","Ml to 10%: Roman alone, N_1",1929.5264656399804,263.87090137424286,1089.0,,,
bulge,"what Rubin adds, over Roman's footprint detections","Ml to 10%: joint, N_1",2117.116422416354,267.13273816382366,1220.0,,,
bulge,"what Rubin adds, over Roman's footprint detections",Ml to 10%: joint / Roman alone (yield ratio),1.0972207223465857,0.025863695657096127,,,,
bulge,"what Rubin adds, over Roman's footprint detections",median sigma_J/sigma_Roman (tE),0.9994305911079877,6.972184578743239e-05,11417.0,3629.7524843898177,,
bulge,"what Rubin adds, over Roman's footprint detections",median sigma_J/sigma_Roman (piE),0.9995459048877147,6.830734544512949e-05,11417.0,3629.7524843898173,,
bulge,"what Rubin adds, over Roman's footprint detections",median sigma_J/sigma_Roman (tetE),0.999101449440832,5.1378281945136795e-05,11468.0,3656.5573040087193,,
bulge,"what Rubin adds, over Roman's footprint detections",median sigma_J/sigma_Roman (Ml),0.9994199395770392,4.227389557662614e-05,11468.0,3656.5573040087193,,
bulge,Roman detections by peak coverage (yield-weighted),no Roman epoch within +-2 tE of the peak [%],4.3600941271867315,0.3826055237137942,11468.0,,4.4,
bulge,F4 footprint sample,N,12461.0,,,,12461.0,
bulge,F4 footprint sample,N_eff,3969.309210063663,,,,3969.0,
bulge,F4 footprint sample,"N (per-sightline footprint, y1's definition)",12461.0,,,,12461.0,
bulge,"F4: measured to 10%, normalised to the whole footprint sample",tE joint,13.221788913721669,0.5224358100689818,12461.0,3969.309210063663,13.2,
bulge,"F4: measured to 10%, normalised to the whole footprint sample",tE roman,11.553313419734117,0.5015889799612108,12461.0,3969.309210063663,11.6,
bulge,"F4: measured to 10%, normalised to the whole footprint sample",tE rubin,0.8331524717353103,0.2704516197873768,12461.0,3969.309210063663,0.8,
bulge,"F4: measured to 10%, normalised to the whole footprint sample",piE joint,3.7036811534735534,0.31560947751013574,12461.0,3969.309210063663,3.7,
bulge,"F4: measured to 10%, normalised to the whole footprint sample",piE roman,3.321999212059955,0.3074969232314176,12461.0,3969.309210063663,3.3,
bulge,"F4: measured to 10%, normalised to the whole footprint sample",piE rubin,0.15146617327791637,0.020100367687763396,12461.0,3969.309210063663,0.2,
bulge,"F4: measured to 10%, normalised to the whole footprint sample",tetE joint,50.49886274890088,0.7885557494693893,12461.0,3969.309210063663,50.5,
bulge,"F4: measured to 10%, normalised to the whole footprint sample",tetE roman,50.264612057749716,0.7925167185751638,12461.0,3969.309210063663,50.3,
bulge,"F4: measured to 10%, normalised to the whole footprint sample",tetE rubin,0.13158142621356603,0.04372178931957862,12461.0,3969.309210063663,0.1,
bulge,"F4: measured to 10%, normalised to the whole footprint sample",Ml joint,2.367912624132971,0.29863212890950946,12461.0,3969.309210063663,2.4,
bulge,"F4: measured to 10%, normalised to the whole footprint sample",Ml roman,2.150953501073433,0.29488713158141416,12461.0,3969.309210063663,2.2,
bulge,"F4: measured to 10%, normalised to the whole footprint sample",Ml rubin,0.0012656092098585264,0.0008513248372729847,12461.0,3969.309210063663,0.001,
bulge,"F4: measured to 10%, normalised to the whole footprint sample","Ml joint, UNWEIGHTED",9.902897038760933,,,,9.9,
bulge,F4: median sigma(theta_E)/theta_E,joint,0.09836201757215039,0.003136393046598826,12461.0,3969.309210063662,0.098,
bulge,F4: median sigma(theta_E)/theta_E,roman,0.0990392178030011,0.002932746391871296,12461.0,3969.309210063663,0.099,
bulge,F4: median sigma(theta_E)/theta_E,rubin,2.2972911112556083,0.06287667204173691,12385.0,3941.799383894834,2.3,
bulge,"F3: characterised, raw counts, footprint",joint,3948.0,,,,3948.0,
bulge,"F3: characterised, raw counts, footprint",Roman alone,3412.0,,,,3412.0,
bulge,"F3: characterised, raw counts, footprint",Rubin alone,670.0,,,,670.0,
bulge,"F3: characterised, raw counts, footprint",joint and neither alone,358.0,,,,358.0,
bulge,"H5: mass only from the combination, raw counts, footprint",sigma(M)/M<0.1 jointly and from neither alone,143.0,,,,143.0,
bulge,"H5: mass only from the combination, raw counts, footprint",sigma(M)/M<0.3 jointly and from neither alone,319.0,,,,319.0,
bulge,H5 (footprint),median max shift [mas],0.12357610240050461,0.0014575324340894552,12461.0,3969.309210063662,0.1236,
bulge,dust (footprint),"median A_r [mag], Roman detections",3.10613,0.18126727346914417,11468.0,3656.5573040087206,,
bulge,dust (footprint),"median A_r [mag], all footprint",3.04038,0.04951177595721547,12461.0,3969.309210063663,,
bulge,source brightness (Roman detections),median source F146 [mag],22.0734,0.04766280991999379,11468.0,3656.5573040087206,21.8,
bulge,source brightness (Roman detections),median baseline (blended) F146 [mag],22.0239,0.042049922826920945,11468.0,3656.5573040087197,,
bulge,"gap filling: median sigma_J/sigma_Roman, 10-30 d","tE, anywhere in a gap",0.9732533577053208,0.009944635172450401,1359.0,669.991765251084,0.973,
bulge,"gap filling: median sigma_J/sigma_Roman, 10-30 d","tE, >15 d past an edge",0.8264012751161458,0.06872850223434644,778.0,375.8964846605678,0.826,
bulge,"gap filling: median sigma_J/sigma_Roman, 10-30 d","tE, >30 d past",0.4358303716866578,0.15239766671392063,365.0,176.81045754220352,0.436,
bulge,"gap filling: median sigma_J/sigma_Roman, 10-30 d","tE, >45 d past",0.07682426527413634,0.06089062652925784,122.0,62.44360698645612,0.077,
bulge,"gap filling: median sigma_J/sigma_Roman, 10-30 d","tE, in a season (control)",0.999927224504318,1.9075852819767482e-05,1835.0,888.178148975696,1.0,
bulge,"gap filling: median sigma_J/sigma_Roman, 10-30 d","piE, anywhere in a gap",0.9842457908725993,0.005961408922397204,1359.0,669.991765251084,0.984,
bulge,"gap filling: median sigma_J/sigma_Roman, 10-30 d","piE, >15 d past an edge",0.892003846438346,0.039087177946451605,778.0,375.8964846605678,0.892,
bulge,"gap filling: median sigma_J/sigma_Roman, 10-30 d","piE, >30 d past",0.7032127465064647,0.09042415685894205,365.0,176.81045754220344,0.703,
bulge,"gap filling: median sigma_J/sigma_Roman, 10-30 d","piE, >45 d past",0.18275662128379558,0.06918184859234985,122.0,62.44360698645611,0.183,
bulge,"gap filling: median sigma_J/sigma_Roman, 10-30 d","piE, in a season (control)",0.9999384771032286,1.3782487009245651e-05,1835.0,888.178148975696,1.0,
bulge,"gap filling: Roman's coverage of the same events, 10-30 d",anywhere in a gap: Roman detects [%],95.45395134399122,0.7223173346259361,1359.0,669.991765251084,,
bulge,"gap filling: Roman's coverage of the same events, 10-30 d",anywhere in a gap: Rubin detects [%],16.64683368450045,1.3402494797591842,1359.0,669.991765251084,,
bulge,"gap filling: Roman's coverage of the same events, 10-30 d",anywhere in a gap: no Roman epoch within +-2 tE [%],11.588960923302738,1.178214173382052,1359.0,669.991765251084,,
bulge,"gap filling: Roman's coverage of the same events, 10-30 d",>15 d past an edge: Roman detects [%],91.74620035299135,1.2961319458678875,778.0,375.8964846605678,,
bulge,"gap filling: Roman's coverage of the same events, 10-30 d",>15 d past an edge: Rubin detects [%],20.667071137771742,1.9140687884270833,778.0,375.8964846605678,,
bulge,"gap filling: Roman's coverage of the same events, 10-30 d",>15 d past an edge: no Roman epoch within +-2 tE [%],21.295661725355302,2.1104268971208455,778.0,375.8964846605678,,
bulge,"gap filling: Roman's coverage of the same events, 10-30 d",>30 d past: Roman detects [%],82.49761646343883,2.7252713367916264,365.0,176.81045754220347,,
bulge,"gap filling: Roman's coverage of the same events, 10-30 d",>30 d past: Rubin detects [%],27.396048362065578,3.261234989488256,365.0,176.81045754220347,,
bulge,"gap filling: Roman's coverage of the same events, 10-30 d",>30 d past: no Roman epoch within +-2 tE [%],41.93271439113179,3.9296877311555414,365.0,176.81045754220347,,
bulge,"gap filling: Roman's coverage of the same events, 10-30 d",>45 d past: Roman detects [%],66.50354111399838,6.085366279008233,122.0,62.44360698645609,,
bulge,"gap filling: Roman's coverage of the same events, 10-30 d",>45 d past: Rubin detects [%],44.6657311112472,6.197720445811149,122.0,62.44360698645609,,
bulge,"gap filling: Roman's coverage of the same events, 10-30 d",>45 d past: no Roman epoch within +-2 tE [%],72.8257482849493,5.468046296731587,122.0,62.44360698645609,,
bulge,"gap filling: Roman's coverage of the same events, 10-30 d",in a season (control): Roman detects [%],99.93300243101572,0.06353235723878581,1835.0,888.1781489756961,,
bulge,"gap filling: Roman's coverage of the same events, 10-30 d",in a season (control): Rubin detects [%],8.993450523840723,0.8406069750711336,1835.0,888.1781489756961,,
bulge,"gap filling: Roman's coverage of the same events, 10-30 d",in a season (control): no Roman epoch within +-2 tE [%],0.0,0.0,1835.0,888.1781489756961,,
bulge,"gap filling: median sigma_J/sigma_Roman, 10-30 d","tE, >45 d past: median sigma_Roman/sigma_J",13.016720647202337,7.533179728610771,122.0,62.44360698645608,,
bulge,gap filling: rescue,"in-gap footprint detections, joint-only char. [%]",2.0135141308033364,0.3658761249865972,4596.0,1508.6526677494521,2.0,
bulge,gap filling: rescue,"tE 10-30 d, >45 d past an edge [%]",6.992853089251907,3.346330228494067,122.0,62.44360698645609,,
bulge,gap filling: rescue,"tE 30-100 d, >45 d past an edge [%]",9.769309081898287,3.1571961133645012,370.0,106.59293945358186,,
bulge,"Rubin detects, Roman does not (footprint, raw)",in a Roman season,1.0,,,,1.0,
bulge,"Rubin detects, Roman does not (footprint, raw)",in a gap,116.0,,,,116.0,
bulge,"Rubin detects, Roman does not (footprint, raw)",outside Roman's mission,800.0,,,,800.0,
bulge,satellite parallax (Roman covers the peak),median sigma_L2/sigma_Earth,0.9911120180228611,9.208951870389344e-05,10806.0,3520.6767991743004,0.9911,
bulge,satellite parallax (Roman covers the peak),improves at all [%],92.25225243963996,0.37837551873307257,10806.0,3520.676799174302,86.8,
bulge,satellite parallax (Roman covers the peak),improves >1% [%],40.66828093679627,0.8164872598510031,10806.0,3520.676799174302,40.7,
bulge,satellite parallax (Roman covers the peak),improves >2x [%],1.1896357101339825,0.13639559658084666,10806.0,3520.676799174302,1.2,
bulge,satellite parallax (Roman covers the peak),"median, tE 10-30 d",0.9907945672505132,0.00011840396831936603,3158.0,1540.1400808332526,0.9914,
bulge,"satellite parallax (control, no Roman data at the peak)",median,1.0,0.0,72082.0,5902.857585829462,1.0,
bh,"yield N_1, whole scan",joint,31007.052133719648,233.47646633450518,101515.0,,,
bh,"yield N_1, whole scan",Rubin detects,24341.74220827869,218.84210503430938,83447.0,,,
bh,"yield N_1, whole scan",Roman detects,8398.43863781283,90.65015098883893,23771.0,,,
bh,"yield N_1, whole scan",both detect,1745.7831086383524,40.048433735420446,5764.0,,,
bh,"yield N_1, whole scan",Rubin only,22595.959099640342,215.14643824889907,77683.0,,,
bh,"yield N_1, whole scan",Roman only,6652.655529174476,81.32387613511136,18007.0,,,
bh,"yield N_1, whole scan","Roman, sigma(M)/M<10%",1068.425783282284,30.95611014886362,4384.0,,,
bh,"yield N_1, whole scan","joint, sigma(M)/M<10%",1291.1287787732936,34.02972001049272,5303.0,,,
bh,"yield N_1, whole scan","Roman, sigma(M)/M<1%",59.80305861035617,5.860772315381596,416.0,,,
bh,"yield N_1, footprint",joint,8476.764534257316,90.8378695501536,24186.0,,,
bh,"yield N_1, footprint",Rubin detects,1811.454608816361,40.39956866367635,6118.0,,,
bh,"yield N_1, footprint",Roman detects,8398.43863781283,90.65015098883893,23771.0,,,
bh,"yield N_1, footprint",both detect,1745.7831086383524,40.048433735420446,5764.0,,,
bh,"yield N_1, footprint",Rubin only,65.67150017800878,5.314894500433423,354.0,,,
bh,"yield N_1, footprint",Roman only,6652.655529174476,81.32387613511136,18007.0,,,
bh,"yield N_1, footprint","Roman, sigma(M)/M<10%",1068.425783282284,30.95611014886362,4384.0,,,
bh,"yield N_1, footprint","joint, sigma(M)/M<10%",1216.4459042796175,32.83999399681758,4936.0,,,
bh,"yield N_1, footprint","Roman, sigma(M)/M<1%",59.80305861035617,5.860772315381596,416.0,,,
bh,"yield N_1, footprint","joint/Roman, sigma(M)/M<10%",1.1385403865326094,0.010977944121948033,,,,
bh,"yield N_1, whole scan",share of detections outside the footprint,0.7266181739011889,0.002880695629149709,101515.0,,,
bh,"yield N_1, whole scan",share of Rubin detections inside the footprint,0.0744176235750406,0.0016975498182500396,83447.0,,,
bh,"yield N_1, footprint","Roman also detects, of Rubin's detections",0.9637465383574144,0.0027603156740851264,6118.0,2010.4878620359455,,
bh,"detection share (weighted, all detections)",Rubin only,72.87530238814848,0.28673368539023697,101515.0,17637.958738468635,72.88,
bh,"detection share (weighted, all detections)",Roman only,21.454510241259143,0.2663233677441097,101515.0,17637.958738468635,21.45,
bh,"detection share (weighted, all detections)",both,5.629424874612068,0.13030300831935238,101515.0,17637.958738468635,5.63,
bh,"joint/single, events both surveys constrain",N (okA_L & okA_R),23961.0,,,,23961.0,
bh,"joint/single, events both surveys constrain",median sigma_J/sigma_Rubin (tE),0.021558289396602225,0.0006915984356253611,23961.0,8620.752439356904,0.022,
bh,"joint/single, events both surveys constrain",median sigma_J/sigma_Roman (tE),0.9970707075630333,0.00024981067497692786,23961.0,8620.752439356904,0.997,
bh,"joint/single, events both surveys constrain",median sigma_J/sigma_Rubin (piE),0.01001476963617817,0.00027083037802690395,23961.0,8620.752439356904,0.01,
bh,"joint/single, events both surveys constrain",median sigma_J/sigma_Roman (piE),0.9978251681075889,0.00016651589511882612,23961.0,8620.752439356904,0.998,
bh,"joint/single, events both surveys constrain",median sigma_J/sigma_Rubin (tetE),0.04139238431505322,0.0008933816822647557,23961.0,8620.752439356904,0.041,
bh,"joint/single, events both surveys constrain",median sigma_J/sigma_Roman (tetE),0.9989765015447951,4.6257438837570545e-05,23961.0,8620.752439356904,0.999,
bh,centroid shift (all detections),median max shift [mas],3.602304579444105,0.026167103063568255,101515.0,17637.958738468635,3.6023,
bh,centroid shift (all detections),above Roman's 1.1 mas floor [%],90.42923188384506,0.13589212653401675,101515.0,17637.958738468635,90.43,
bh,centroid shift (footprint detections),median max shift [mas],3.355117945547479,0.034451213630656424,24186.0,8708.191450464157,,
bh,centroid shift (footprint detections),above Roman's 1.1 mas floor [%],89.0432148948807,0.21028053337394534,24186.0,8708.191450464157,,
bh,"measured to 10% (own measured set, p7)",tE joint,18.664588925989335,0.28260332318870685,100969.0,17626.755469324155,18.66,
bh,"measured to 10% (own measured set, p7)",tE rubin,11.744429749501533,0.26053130170657973,100805.0,17581.624493387048,11.74,
bh,"measured to 10% (own measured set, p7)",tE roman,23.640621202466356,0.44642882667386746,24127.0,8679.584286379359,23.64,
bh,"measured to 10% (own measured set, p7)",piE joint,5.316147516717548,0.12943380069406452,100969.0,17626.755469324155,5.32,
bh,"measured to 10% (own measured set, p7)",piE rubin,1.4568570511131131,0.07458293124290599,100805.0,17581.624493387048,1.46,
bh,"measured to 10% (own measured set, p7)",piE roman,12.852001808764088,0.3521151131989624,24127.0,8679.584286379359,12.85,
bh,"measured to 10% (own measured set, p7)",tetE joint,48.83844635721142,0.3661360645829976,101515.0,17637.958738468635,48.84,
bh,"measured to 10% (own measured set, p7)",tetE rubin,37.52711567575495,0.37885356744295895,101355.0,17594.345704087253,37.53,
bh,"measured to 10% (own measured set, p7)",tetE roman,96.97153893061548,0.1394713238244732,24186.0,8708.191450464157,96.97,
bh,"measured to 10% (own measured set, p7)",Ml joint,4.163523434175501,0.11218587491463297,101515.0,17637.958738468635,4.16,
bh,"measured to 10% (own measured set, p7)",Ml rubin,0.267861874524137,0.029997359973278452,101355.0,17594.345704087253,0.27,
bh,"measured to 10% (own measured set, p7)",Ml roman,12.603684719714792,0.35309078210378414,24186.0,8708.191450464157,12.6,
bh,image resolution: P over the survey's detections,Rubin nres5,5.454024929984522,0.214932997595351,83447.0,12372.649097970192,5.454,
bh,"image resolution: yield N_1, whole scan",Rubin nres5,1327.467286828349,54.81718164935506,4442.0,,,
bh,"image resolution: yield N_1, footprint",Rubin nres5,89.38855304488669,9.158569229656461,248.0,,,
bh,image resolution: P over the survey's detections,Rubin nres20,0.030964494049712868,0.005696831985055616,83447.0,12372.649097970192,0.031,
bh,"image resolution: yield N_1, whole scan",Rubin nres20,7.53187903009883,1.4519216244392896,214.0,,,
bh,"image resolution: yield N_1, footprint",Rubin nres20,0.16078682140211084,0.07502049529768623,7.0,,,
bh,image resolution: P over the survey's detections,Rubin nresPSF,0.00026933595489258015,0.00016489343075331992,83447.0,12372.649097970192,0.0003,
bh,"image resolution: yield N_1, whole scan",Rubin nresPSF,0.0655596285234717,0.04036488371739447,8.0,,,
bh,"image resolution: yield N_1, footprint",Rubin nresPSF,0.0,0.0,0.0,,,
bh,"image resolution: P, Rubin detections in the footprint",Rubin nres5,4.934568365967533,0.47443731061913574,6118.0,2010.7095735551206,,
bh,"image resolution: P, Rubin detections in the footprint",Rubin nres20,0.008877291185152427,0.004133683011521076,6118.0,2010.7095735551206,,
bh,"image resolution: P, Rubin detections in the footprint",Rubin nresPSF,0.0,0.0,6118.0,2010.7095735551206,,
bh,image resolution: P over the survey's detections,Roman nres5,65.50775208630672,0.5482903768180729,23771.0,8583.45392449842,65.5078,
bh,"image resolution: yield N_1, whole scan",Roman nres5,5501.514921476612,75.68076451913534,13475.0,,,
bh,"image resolution: yield N_1, footprint",Roman nres5,5501.514921476612,75.68076451913534,13475.0,,,
bh,image resolution: P over the survey's detections,Roman nres20,30.900181444468984,0.5200500701556603,23771.0,8583.45392449842,30.9002,
bh,"image resolution: yield N_1, whole scan",Roman nres20,2594.978121318332,53.61680077911093,5105.0,,,
bh,"image resolution: yield N_1, footprint",Roman nres20,2594.978121318332,53.61680077911093,5105.0,,,
bh,image resolution: P over the survey's detections,Roman nresPSF,0.6788461550173435,0.074075005757791,23771.0,8583.45392449842,0.6788,
bh,"image resolution: yield N_1, whole scan",Roman nresPSF,57.00997722025144,6.333257472339229,268.0,,,
bh,"image resolution: yield N_1, footprint",Roman nresPSF,57.00997722025144,6.333257472339229,268.0,,,
bh,image resolution: who is resolved,"median theta_E [mas], resolvable (Roman, D=5)",11.3397,0.11749936106102876,13475.0,5284.5867334488385,,
bh,image resolution: who is resolved,"median theta_E [mas], all Roman detections",9.84802,0.08547336997632654,23771.0,8583.45392449842,,
bh,image resolution: who is resolved,"median M_L [Msun], resolvable (Roman, D=5)",374.553,7.157792218580738,13475.0,5284.586733448837,,
bh,image resolution: who is resolved,"median M_L [Msun], all Roman detections",311.016,5.01283348283184,23771.0,8583.45392449842,,
bh,image resolution: who is resolved,"median D_L [kpc], resolvable (Roman, D=5)",6.34863,0.02941746733633567,13475.0,5284.586733448837,,
bh,image resolution: who is resolved,"median D_L [kpc], all Roman detections",6.62653,0.020622278885649388,23771.0,8583.453924498423,,
bh,image resolution: who is resolved,"median t_E [d], resolvable (Roman, D=5)",572.047,6.571703677106396,13475.0,5284.5867334488385,,
bh,image resolution: who is resolved,"median t_E [d], all Roman detections",525.302,5.190138511489241,23771.0,8583.453924498423,,
bh,image resolution: who is resolved,"median largest resolved separation [mas], resolvable (Roman, D=5)",44.5672,0.35120181177200294,13475.0,5284.5867334488385,,
bh,image resolution: who is resolved,"median largest resolved separation [mas], all Roman detections",37.5548,0.2772969777039593,23771.0,8583.453924498417,,
bh,"image resolution: P(Roman, D=5) by theta_E","theta_E in [0,1) mas",12.322175540915946,1.5446166336162594,964.0,424.4850311372366,,
bh,"image resolution: P(Roman, D=5) by theta_E","theta_E in [1,2) mas",31.560196167566428,1.1751969265128364,3192.0,1422.6532669958754,,
bh,"image resolution: P(Roman, D=5) by theta_E","theta_E in [2,3) mas",40.16315397955373,1.4442391558927739,2930.0,1249.1322922103102,,
bh,"image resolution: P(Roman, D=5) by theta_E","theta_E in [3,5) mas",47.65854310248237,1.1870125996304646,4303.0,1856.4062528092122,,
bh,"image resolution: P(Roman, D=5) by theta_E","theta_E in [5,10) mas",62.62253292011239,0.8884667882551652,6113.0,2877.0866865464354,,
bh,"image resolution: P(Roman, D=5) by theta_E","theta_E in [10,30) mas",76.67463198402905,0.8440067466393799,5704.0,3014.4149825565078,,
bh,"image resolution: P(Roman, D=5) by theta_E","theta_E in [30,1000000000.0) mas",90.60475854958324,2.078081971268077,565.0,241.644211970409,,
bh,"what Roman adds, over Rubin's footprint detections",N_1 of the denominator,1811.454608816361,40.39956866367635,6118.0,,,
bh,"what Roman adds, over Rubin's footprint detections","characterised (tE>2sig, piE>2sig): Rubin alone [%]",13.38707711940371,0.6778179056581088,6118.0,2010.7095735551206,,
bh,"what Roman adds, over Rubin's footprint detections","characterised (tE>2sig, piE>2sig): joint [%]",78.8987759303616,0.9033211108489857,6118.0,2010.7095735551206,,
bh,"what Roman adds, over Rubin's footprint detections","characterised (tE>2sig, piE>2sig): Rubin alone, N_1",242.44125888627357,13.284710374420865,1417.0,,,
bh,"what Roman adds, over Rubin's footprint detections","characterised (tE>2sig, piE>2sig): joint, N_1",1429.2299023839541,35.88839864981317,4965.0,,,
bh,"what Roman adds, over Rubin's footprint detections","characterised (tE>2sig, piE>2sig): joint / Rubin alone (yield ratio)",5.895159548954452,0.292959538231612,,,,
bh,"what Roman adds, over Rubin's footprint detections",tE to 10%: Rubin alone [%],17.620071693047127,0.8824805152248889,6118.0,2010.7095735551206,,
bh,"what Roman adds, over Rubin's footprint detections",tE to 10%: joint [%],75.17112776658921,0.9572261444069261,6118.0,2010.7095735551206,,
bh,"what Roman adds, over Rubin's footprint detections","tE to 10%: Rubin alone, N_1",319.14052978142155,17.003327325001106,1123.0,,,
bh,"what Roman adds, over Rubin's footprint detections","tE to 10%: joint, N_1",1361.7254455361913,35.71975790091353,4474.0,,,
bh,"what Roman adds, over Rubin's footprint detections",tE to 10%: joint / Rubin alone (yield ratio),4.26685211830924,0.211928644328781,,,,
bh,"what Roman adds, over Rubin's footprint detections",piE to 10%: Rubin alone [%],2.153980669524323,0.2484026952543434,6118.0,2010.7095735551206,,
bh,"what Roman adds, over Rubin's footprint detections",piE to 10%: joint [%],49.87045587604999,1.1894174411822662,6118.0,2010.7095735551206,,
bh,"what Roman adds, over Rubin's footprint detections","piE to 10%: Rubin alone, N_1",39.00824904433097,4.331064117912796,456.0,,,
bh,"what Roman adds, over Rubin's footprint detections","piE to 10%: joint, N_1",903.4265781084836,28.11939922868862,3507.0,,,
bh,"what Roman adds, over Rubin's footprint detections",piE to 10%: joint / Rubin alone (yield ratio),23.159885415051146,2.8318496697869007,,,,
bh,"what Roman adds, over Rubin's footprint detections",tetE to 10%: Rubin alone [%],41.519870902783325,1.1634123006202775,6118.0,2010.7095735551206,,
bh,"what Roman adds, over Rubin's footprint detections",tetE to 10%: joint [%],98.8229917468827,0.16670654570137633,6118.0,2010.7095735551206,,
bh,"what Roman adds, over Rubin's footprint detections","tetE to 10%: Rubin alone, N_1",752.0754638921309,28.399931631601262,1671.0,,,
bh,"what Roman adds, over Rubin's footprint detections","tetE to 10%: joint, N_1",1790.1328333978026,40.29239886300736,5944.0,,,
bh,"what Roman adds, over Rubin's footprint detections",tetE to 10%: joint / Rubin alone (yield ratio),2.3802569281193287,0.06620570823676243,,,,
bh,"what Roman adds, over Rubin's footprint detections",Ml to 10%: Rubin alone [%],0.4471187302447416,0.13232073557347207,6118.0,2010.7095735551206,,
bh,"what Roman adds, over Rubin's footprint detections",Ml to 10%: joint [%],49.454524248104406,1.192613146921751,6118.0,2010.7095735551206,,
bh,"what Roman adds, over Rubin's footprint detections","Ml to 10%: Rubin alone, N_1",8.096779854520971,2.3885317796953918,71.0,,,
bh,"what Roman adds, over Rubin's footprint detections","Ml to 10%: joint, N_1",895.8923356504514,28.003450840534487,3480.0,,,
bh,"what Roman adds, over Rubin's footprint detections",Ml to 10%: joint / Rubin alone (yield ratio),110.6479800300134,41.53827856303469,,,,
bh,"what Roman adds, over Rubin's footprint detections",median sigma_J/sigma_Rubin (tE),0.0653525537596566,0.002450979813629614,6117.0,2009.731588964246,,
bh,"what Roman adds, over Rubin's footprint detections",median sigma_J/sigma_Rubin (piE),0.0388238273322152,0.0013146729385109023,6117.0,2009.731588964246,,
bh,"what Roman adds, over Rubin's footprint detections",median sigma_J/sigma_Rubin (tetE),0.021109009391035875,0.00021056008812384572,6118.0,2010.7095735551206,,
bh,"what Roman adds, over Rubin's footprint detections",median sigma_J/sigma_Rubin (Ml),0.03574392952509296,0.0013760421692855349,6118.0,2010.7095735551206,,
bh,"what Rubin adds, over Roman's footprint detections",N_1 of the denominator,8398.43863781283,90.65015098883893,23771.0,,,
bh,"what Rubin adds, over Roman's footprint detections","characterised (tE>2sig, piE>2sig): Roman alone [%]",30.549795354207475,0.4919671970690636,23771.0,8583.45392449842,,
bh,"what Rubin adds, over Roman's footprint detections","characterised (tE>2sig, piE>2sig): joint [%]",34.5780391879842,0.5053189811898103,23771.0,8583.45392449842,,
bh,"what Rubin adds, over Roman's footprint detections","characterised (tE>2sig, piE>2sig): Roman alone, N_1",2565.9130821020253,48.38388965260088,8844.0,,,
bh,"what Rubin adds, over Roman's footprint detections","characterised (tE>2sig, piE>2sig): joint, N_1",2904.25721875561,51.277012374959796,9942.0,,,
bh,"what Rubin adds, over Roman's footprint detections","characterised (tE>2sig, piE>2sig): joint / Roman alone (yield ratio)",1.1318611059016894,0.007475065456803162,,,,
bh,"what Rubin adds, over Roman's footprint detections",tE to 10%: Roman alone [%],23.786593047383615,0.450343758082259,23771.0,8583.45392449842,,
bh,"what Rubin adds, over Roman's footprint detections",tE to 10%: joint [%],29.389508338429664,0.46888077008479256,23771.0,8583.45392449842,,
bh,"what Rubin adds, over Roman's footprint detections","tE to 10%: Roman alone, N_1",1997.845180193804,43.585832565404594,6346.0,,,
bh,"what Rubin adds, over Roman's footprint detections","tE to 10%: joint, N_1",2468.412577253176,48.81725069913622,7533.0,,,
bh,"what Rubin adds, over Roman's footprint detections",tE to 10%: joint / Roman alone (yield ratio),1.2355374689312635,0.013324630293998312,,,,
bh,"what Rubin adds, over Roman's footprint detections",piE to 10%: Roman alone [%],12.93135803205612,0.35459817813110805,23771.0,8583.45392449842,,
bh,"what Rubin adds, over Roman's footprint detections",piE to 10%: joint [%],14.718749878618842,0.3743768803776071,23771.0,8583.45392449842,,
bh,"what Rubin adds, over Roman's footprint detections","piE to 10%: Roman alone, N_1",1086.1150668110045,31.216729048758054,4403.0,,,
bh,"what Rubin adds, over Roman's footprint detections","piE to 10%: joint, N_1",1236.259025691384,33.09202061994874,4998.0,,,
bh,"what Rubin adds, over Roman's footprint detections",piE to 10%: joint / Roman alone (yield ratio),1.1382394586618014,0.01071724438206297,,,,
bh,"what Rubin adds, over Roman's footprint detections",tetE to 10%: Roman alone [%],97.06810586066501,0.13820320055135346,23771.0,8583.45392449842,,
bh,"what Rubin adds, over Roman's footprint detections",tetE to 10%: joint [%],97.22673476318033,0.13454102753453256,23771.0,8583.45392449842,,
bh,"what Rubin adds, over Roman's footprint detections","tetE to 10%: Roman alone, N_1",8152.22335622165,89.81775116305336,22534.0,,,
bh,"what Rubin adds, over Roman's footprint detections","tetE to 10%: joint, N_1",8165.542535702018,89.87302469163632,22575.0,,,
bh,"what Rubin adds, over Roman's footprint detections",tetE to 10%: joint / Roman alone (yield ratio),1.0016338094404889,0.00037981867313231755,,,,
bh,"what Rubin adds, over Roman's footprint detections",Ml to 10%: Roman alone [%],12.721069087298625,0.35671271221697054,23771.0,8583.45392449842,,
bh,"what Rubin adds, over Roman's footprint detections",Ml to 10%: joint [%],14.483039062239705,0.376462828334608,23771.0,8583.45392449842,,
bh,"what Rubin adds, over Roman's footprint detections","Ml to 10%: Roman alone, N_1",1068.425783282284,30.95611014886362,4384.0,,,
bh,"what Rubin adds, over Roman's footprint detections","Ml to 10%: joint, N_1",1216.4341016109988,32.83999289557768,4934.0,,,
bh,"what Rubin adds, over Roman's footprint detections",Ml to 10%: joint / Roman alone (yield ratio),1.138529339748824,0.010977631031933376,,,,
bh,"what Rubin adds, over Roman's footprint detections",median sigma_J/sigma_Roman (tE),0.9973963739151559,0.0002201680115160426,23750.0,8571.177481564375,,
bh,"what Rubin adds, over Roman's footprint detections",median sigma_J/sigma_Roman (piE),0.9980275667007247,0.00016198749803685364,23750.0,8571.177481564377,,
bh,"what Rubin adds, over Roman's footprint detections",median sigma_J/sigma_Roman (tetE),0.9990156599552573,4.687718404410584e-05,23771.0,8583.45392449842,,
bh,"what Rubin adds, over Roman's footprint detections",median sigma_J/sigma_Roman (Ml),0.9989106837377356,6.565562578128564e-05,23771.0,8583.453924498423,,
bh,Roman detections by peak coverage (yield-weighted),no Roman epoch within +-2 tE of the peak [%],2.850136087516203,0.148979657980126,23771.0,,2.9,
ns,"yield N_1, whole scan",joint,191915.170381445,1468.2101210974101,93185.0,,,
ns,"yield N_1, whole scan",Rubin detects,141078.22377935486,1333.6854458197186,78633.0,,,
ns,"yield N_1, whole scan",Roman detects,57944.43265334371,649.5832252097521,18047.0,,,
ns,"yield N_1, whole scan",both detect,7519.470923607151,219.50639783412885,3606.0,,,
ns,"yield N_1, whole scan",Rubin only,133558.7528557477,1315.4975521456613,75027.0,,,
ns,"yield N_1, whole scan",Roman only,50424.96172973657,611.3716609263048,14441.0,,,
ns,"yield N_1, whole scan","Roman, sigma(M)/M<10%",2285.6373663881227,89.6767126414647,2790.0,,,
ns,"yield N_1, whole scan","joint, sigma(M)/M<10%",2607.425280068096,95.27120527801446,3229.0,,,
ns,"yield N_1, whole scan","Roman, sigma(M)/M<1%",40.51348328811764,4.482470905844588,198.0,,,
ns,"yield N_1, footprint",joint,62399.879182062265,675.3928998372864,19058.0,,,
ns,"yield N_1, footprint",Rubin detects,11562.932579972115,281.4808658667379,4506.0,,,
ns,"yield N_1, footprint",Roman detects,57944.43265334371,649.5832252097521,18047.0,,,
ns,"yield N_1, footprint",both detect,7519.470923607151,219.50639783412885,3606.0,,,
ns,"yield N_1, footprint",Rubin only,4043.461656364963,176.20561613913912,900.0,,,
ns,"yield N_1, footprint",Roman only,50424.96172973657,611.3716609263048,14441.0,,,
ns,"yield N_1, footprint","Roman, sigma(M)/M<10%",2285.6373663881227,89.6767126414647,2790.0,,,
ns,"yield N_1, footprint","joint, sigma(M)/M<10%",2599.3738794198366,95.21545728664239,3183.0,,,
ns,"yield N_1, footprint","Roman, sigma(M)/M<1%",40.51348328811764,4.482470905844588,198.0,,,
ns,"yield N_1, footprint","joint/Roman, sigma(M)/M<10%",1.1372643436992351,0.014709893400275004,,,,
ns,"yield N_1, whole scan",share of detections outside the footprint,0.6748569742660881,0.0032716261846306113,93185.0,,,
ns,"yield N_1, whole scan",share of Rubin detections inside the footprint,0.08196114375565462,0.0018853522853408166,78633.0,,,
ns,"yield N_1, footprint","Roman also detects, of Rubin's detections",0.6503082908769572,0.01143027729800552,4506.0,1687.4784300204587,,
ns,"detection share (weighted, all detections)",Rubin only,69.5926234467593,0.3201198319299065,93185.0,17086.09328071458,69.59,
ns,"detection share (weighted, all detections)",Roman only,26.274580107320418,0.29971522590584926,93185.0,17086.09328071458,26.27,
ns,"detection share (weighted, all detections)",both,3.9181237350389067,0.11010290448133947,93185.0,17086.09328071458,3.92,
ns,"joint/single, events both surveys constrain",N (okA_L & okA_R),18895.0,,,,18895.0,
ns,"joint/single, events both surveys constrain",median sigma_J/sigma_Rubin (tE),0.00840507823632391,0.0002669233554955955,18895.0,8463.194551436905,0.008,
ns,"joint/single, events both surveys constrain",median sigma_J/sigma_Roman (tE),0.9989056350196793,7.576056447632497e-05,18895.0,8463.194551436905,0.999,
ns,"joint/single, events both surveys constrain",median sigma_J/sigma_Rubin (piE),0.007519845504695606,0.00023043979504177195,18895.0,8463.194551436907,0.008,
ns,"joint/single, events both surveys constrain",median sigma_J/sigma_Roman (piE),0.9991164638419119,6.73371554096332e-05,18895.0,8463.194551436904,0.999,
ns,"joint/single, events both surveys constrain",median sigma_J/sigma_Rubin (tetE),0.035039214644183095,0.000614868840180656,18895.0,8463.194551436904,0.035,
ns,"joint/single, events both surveys constrain",median sigma_J/sigma_Roman (tetE),0.9987667613339852,5.5395543746152244e-05,18895.0,8463.194551436905,0.999,
ns,centroid shift (all detections),median max shift [mas],0.26371405982996055,0.001213187445449996,93185.0,17086.093280714576,0.2637,
ns,centroid shift (all detections),above Roman's 1.1 mas floor [%],0.5764837355401677,0.02849829830050776,93185.0,17086.09328071458,0.58,
ns,centroid shift (footprint detections),median max shift [mas],0.2531266006326262,0.0013329833269176488,19058.0,8536.041630370362,,
ns,centroid shift (footprint detections),above Roman's 1.1 mas floor [%],0.3271970599178354,0.022212278532041177,19058.0,8536.041630370364,,
ns,"measured to 10% (own measured set, p7)",tE joint,10.01421124260419,0.19889118911033227,92330.0,17056.869344938823,10.01,
ns,"measured to 10% (own measured set, p7)",tE rubin,4.447453791601898,0.15544389247536855,92205.0,17012.87673001462,4.45,
ns,"measured to 10% (own measured set, p7)",tE roman,16.025642973694033,0.3643907755072331,19021.0,8520.20387290901,16.03,
ns,"measured to 10% (own measured set, p7)",piE joint,2.40053988584696,0.06185403451727372,92330.0,17056.869344938823,2.4,
ns,"measured to 10% (own measured set, p7)",piE rubin,0.7809874654624819,0.02960198636447084,92205.0,17012.87673001462,0.78,
ns,"measured to 10% (own measured set, p7)",piE roman,4.54942953934115,0.1593792269323296,19021.0,8520.20387290901,4.55,
ns,"measured to 10% (own measured set, p7)",tetE joint,22.119776339118463,0.27386885113901643,93185.0,17086.09328071458,22.12,
ns,"measured to 10% (own measured set, p7)",tetE rubin,0.4256985412483057,0.029337269494239045,93068.0,17045.091364396696,0.43,
ns,"measured to 10% (own measured set, p7)",tetE roman,67.1656151622548,0.5166861456082201,19058.0,8536.041630370364,67.17,
ns,"measured to 10% (own measured set, p7)",Ml joint,1.3586514498900906,0.049077522805188234,93185.0,17086.09328071458,1.36,
ns,"measured to 10% (own measured set, p7)",Ml rubin,0.004346769991862189,0.0017219585988323335,93068.0,17045.091364396696,0.0,
ns,"measured to 10% (own measured set, p7)",Ml roman,3.6640018684563893,0.1456583541631232,19058.0,8536.041630370364,3.66,
ns,image resolution: P over the survey's detections,Rubin nres5,0.0002360605693308396,6.952224021054418e-05,78633.0,11189.574950205202,0.0002,
ns,"image resolution: yield N_1, whole scan",Rubin nres5,0.3330219669288622,0.09937624483042272,29.0,,,
ns,"image resolution: yield N_1, footprint",Rubin nres5,0.044420684124767074,0.03167166213268101,2.0,,,
ns,image resolution: P over the survey's detections,Rubin nres20,0.0,0.0,78633.0,11189.574950205202,0.0,
ns,"image resolution: yield N_1, whole scan",Rubin nres20,0.0,0.0,0.0,,,
ns,"image resolution: yield N_1, footprint",Rubin nres20,0.0,0.0,0.0,,,
ns,image resolution: P over the survey's detections,Rubin nresPSF,0.0,0.0,78633.0,11189.574950205202,0.0,
ns,"image resolution: yield N_1, whole scan",Rubin nresPSF,0.0,0.0,0.0,,,
ns,"image resolution: yield N_1, footprint",Rubin nresPSF,0.0,0.0,0.0,,,
ns,"image resolution: P, Rubin detections in the footprint",Rubin nres5,0.0003841741003899554,0.00025995451292269364,4506.0,1687.4885078054165,,
ns,"image resolution: P, Rubin detections in the footprint",Rubin nres20,0.0,0.0,4506.0,1687.4885078054165,,
ns,"image resolution: P, Rubin detections in the footprint",Rubin nresPSF,0.0,0.0,4506.0,1687.4885078054165,,
ns,image resolution: P over the survey's detections,Roman nres5,14.853286121021302,0.3758138669513417,18047.0,7957.119074143793,14.8533,
ns,"image resolution: yield N_1, whole scan",Roman nres5,8606.552631314455,238.40004404459677,3678.0,,,
ns,"image resolution: yield N_1, footprint",Roman nres5,8606.552631314455,238.40004404459677,3678.0,,,
ns,image resolution: P over the survey's detections,Roman nres20,0.35164830453450807,0.04546122991975817,18047.0,7957.119074143793,0.3516,
ns,"image resolution: yield N_1, whole scan",Roman nres20,203.75620485319925,26.196127415633725,244.0,,,
ns,"image resolution: yield N_1, footprint",Roman nres20,203.75620485319925,26.196127415633725,244.0,,,
ns,image resolution: P over the survey's detections,Roman nresPSF,0.0011242514463216384,0.0009021862423120725,18047.0,7957.119074143793,0.0011,
ns,"image resolution: yield N_1, whole scan",Roman nresPSF,0.6514244520068218,0.48479514277205005,5.0,,,
ns,"image resolution: yield N_1, footprint",Roman nresPSF,0.6514244520068218,0.48479514277205005,5.0,,,
ns,image resolution: who is resolved,"median theta_E [mas], resolvable (Roman, D=5)",1.02505,0.014295434701287505,3678.0,1303.3129386266367,,
ns,image resolution: who is resolved,"median theta_E [mas], all Roman detections",0.737936,0.0040056015104468065,18047.0,7957.119074143795,,
ns,image resolution: who is resolved,"median M_L [Msun], resolvable (Roman, D=5)",1.38083,0.005689477705378596,3678.0,1303.312938626637,,
ns,image resolution: who is resolved,"median M_L [Msun], all Roman detections",1.36942,0.0019198428946140347,18047.0,7957.119074143794,,
ns,image resolution: who is resolved,"median D_L [kpc], resolvable (Roman, D=5)",4.92505,0.06065893088406272,3678.0,1303.312938626637,,
ns,image resolution: who is resolved,"median D_L [kpc], all Roman detections",6.41684,0.028850505327885953,18047.0,7957.119074143795,,
ns,image resolution: who is resolved,"median t_E [d], resolvable (Roman, D=5)",50.4213,0.8846553570048834,3678.0,1303.3129386266373,,
ns,image resolution: who is resolved,"median t_E [d], all Roman detections",42.3609,0.343370083581021,18047.0,7957.119074143794,,
ns,image resolution: who is resolved,"median largest resolved separation [mas], resolvable (Roman, D=5)",8.39269,0.10005492865091654,3678.0,1303.312938626637,,
ns,image resolution: who is resolved,"median largest resolved separation [mas], all Roman detections",3.49056,0.032077219442220584,18047.0,7957.119074143793,,
ns,"image resolution: P(Roman, D=5) by theta_E","theta_E in [0,1) mas",9.38826743863532,0.40150603643211125,10448.0,5486.945123168044,,
ns,"image resolution: P(Roman, D=5) by theta_E","theta_E in [1,2) mas",30.071685490138115,0.9528723482550664,5705.0,2292.985695838444,,
ns,"image resolution: P(Roman, D=5) by theta_E","theta_E in [2,3) mas",39.76300895067212,2.061007896821016,1268.0,519.6429657909204,,
ns,"image resolution: P(Roman, D=5) by theta_E","theta_E in [3,5) mas",50.90572220386106,3.584471231293427,499.0,190.78549509653004,,
ns,"image resolution: P(Roman, D=5) by theta_E","theta_E in [5,10) mas",66.35029560637253,7.257968035702825,114.0,52.521704656541495,,
ns,"what Roman adds, over Rubin's footprint detections",N_1 of the denominator,11562.932579972115,281.4808658667379,4506.0,,,
ns,"what Roman adds, over Rubin's footprint detections","characterised (tE>2sig, piE>2sig): Rubin alone [%]",4.934550272277856,0.3125532936575913,4506.0,1687.4885078054165,,
ns,"what Roman adds, over Rubin's footprint detections","characterised (tE>2sig, piE>2sig): joint [%]",37.27382259121993,1.0770496019302453,4506.0,1687.4885078054165,,
ns,"what Roman adds, over Rubin's footprint detections","characterised (tE>2sig, piE>2sig): Rubin alone, N_1",570.5705199488722,37.13218050390565,1165.0,,,
ns,"what Roman adds, over Rubin's footprint detections","characterised (tE>2sig, piE>2sig): joint, N_1",4309.9220625697635,149.0603310462178,2985.0,,,
ns,"what Roman adds, over Rubin's footprint detections","characterised (tE>2sig, piE>2sig): joint / Rubin alone (yield ratio)",7.553706179835522,0.4920096898279478,,,,
ns,"what Roman adds, over Rubin's footprint detections",tE to 10%: Rubin alone [%],5.7559205594896685,0.4932151102493611,4506.0,1687.4885078054165,,
ns,"what Roman adds, over Rubin's footprint detections",tE to 10%: joint [%],42.414799749519275,1.217440676530495,4506.0,1687.4885078054165,,
ns,"what Roman adds, over Rubin's footprint detections","tE to 10%: Rubin alone, N_1",665.5532015798864,57.69827061136151,636.0,,,
ns,"what Roman adds, over Rubin's footprint detections","tE to 10%: joint, N_1",4904.393818733459,170.15683954812823,2741.0,,,
ns,"what Roman adds, over Rubin's footprint detections",tE to 10%: joint / Rubin alone (yield ratio),7.368898244485094,0.6130521067817967,,,,
ns,"what Roman adds, over Rubin's footprint detections",piE to 10%: Rubin alone [%],0.8615109346425718,0.07244353509465301,4506.0,1687.4885078054165,,
ns,"what Roman adds, over Rubin's footprint detections",piE to 10%: joint [%],16.697847572174684,0.729219312071459,4506.0,1687.4885078054165,,
ns,"what Roman adds, over Rubin's footprint detections","piE to 10%: Rubin alone, N_1",99.6140282809295,8.155906019146423,451.0,,,
ns,"what Roman adds, over Rubin's footprint detections","piE to 10%: joint, N_1",1930.738822253878,85.8794512275721,2148.0,,,
ns,"what Roman adds, over Rubin's footprint detections",piE to 10%: joint / Rubin alone (yield ratio),19.38219802545126,1.759564297921296,,,,
ns,"what Roman adds, over Rubin's footprint detections",tetE to 10%: Rubin alone [%],0.43089237890913745,0.0910885268693906,4506.0,1687.4885078054165,,
ns,"what Roman adds, over Rubin's footprint detections",tetE to 10%: joint [%],77.70536295577661,1.0023088985313244,4506.0,1687.4885078054165,,
ns,"what Roman adds, over Rubin's footprint detections","tetE to 10%: Rubin alone, N_1",49.82273201566734,10.310027738837404,120.0,,,
ns,"what Roman adds, over Rubin's footprint detections","tetE to 10%: joint, N_1",8984.994547275424,244.56291719068085,3830.0,,,
ns,"what Roman adds, over Rubin's footprint detections",tetE to 10%: joint / Rubin alone (yield ratio),180.3392584824531,44.092531267890685,,,,
ns,"what Roman adds, over Rubin's footprint detections",Ml to 10%: Rubin alone [%],0.0012680467156518166,0.000852697231087887,4506.0,1687.4885078054165,,
ns,"what Roman adds, over Rubin's footprint detections",Ml to 10%: joint [%],14.931495865247937,0.6738846717398654,4506.0,1687.4885078054165,,
ns,"what Roman adds, over Rubin's footprint detections","Ml to 10%: Rubin alone, N_1",0.14661972932127,0.09649107416149649,5.0,,,
ns,"what Roman adds, over Rubin's footprint detections","Ml to 10%: joint, N_1",1726.497005178659,80.21813822342466,1973.0,,,
ns,"what Roman adds, over Rubin's footprint detections",Ml to 10%: joint / Rubin alone (yield ratio),11775.338920423159,,,,,
ns,"what Roman adds, over Rubin's footprint detections",median sigma_J/sigma_Rubin (tE),0.13226637840867575,0.00997603750445974,4506.0,1687.4885078054165,,
ns,"what Roman adds, over Rubin's footprint detections",median sigma_J/sigma_Rubin (piE),0.1049263268072322,0.006207642719183334,4506.0,1687.4885078054174,,
ns,"what Roman adds, over Rubin's footprint detections",median sigma_J/sigma_Rubin (tetE),0.02289947459575893,0.00029666744268848274,4506.0,1687.4885078054174,,
ns,"what Roman adds, over Rubin's footprint detections",median sigma_J/sigma_Rubin (Ml),0.08097698149103057,0.0059968028592735124,4506.0,1687.4885078054174,,
ns,"what Rubin adds, over Roman's footprint detections",N_1 of the denominator,57944.43265334371,649.5832252097521,18047.0,,,
ns,"what Rubin adds, over Roman's footprint detections","characterised (tE>2sig, piE>2sig): Roman alone [%]",15.883683863288098,0.34826347956716014,18047.0,7957.119074143793,,
ns,"what Rubin adds, over Roman's footprint detections","characterised (tE>2sig, piE>2sig): joint [%]",17.725298917500332,0.359189050435871,18047.0,7957.119074143793,,
ns,"what Rubin adds, over Roman's footprint detections","characterised (tE>2sig, piE>2sig): Roman alone, N_1",9203.657375653242,211.98690083802563,6179.0,,,
ns,"what Rubin adds, over Roman's footprint detections","characterised (tE>2sig, piE>2sig): joint, N_1",10270.762511287146,222.83350095410324,6965.0,,,
ns,"what Rubin adds, over Roman's footprint detections","characterised (tE>2sig, piE>2sig): joint / Roman alone (yield ratio)",1.115943596342119,0.007962329353511403,,,,
ns,"what Rubin adds, over Roman's footprint detections",tE to 10%: Roman alone [%],17.203031263947757,0.38543759266897115,18047.0,7957.119074143793,,
ns,"what Rubin adds, over Roman's footprint detections",tE to 10%: joint [%],19.36371743248636,0.4039594311636822,18047.0,7957.119074143793,,
ns,"what Rubin adds, over Roman's footprint detections","tE to 10%: Roman alone, N_1",9968.205292298095,250.6053542685584,4607.0,,,
ns,"what Rubin adds, over Roman's footprint detections","tE to 10%: joint, N_1",11220.195588116674,266.03756870753625,5259.0,,,
ns,"what Rubin adds, over Roman's footprint detections",tE to 10%: joint / Roman alone (yield ratio),1.1255983659150688,0.009886420044132474,,,,
ns,"what Rubin adds, over Roman's footprint detections",piE to 10%: Roman alone [%],4.883671670889147,0.17135485504953188,18047.0,7957.119074143793,,
ns,"what Rubin adds, over Roman's footprint detections",piE to 10%: joint [%],5.5185752166643045,0.18112716858695424,18047.0,7957.119074143793,,
ns,"what Rubin adds, over Roman's footprint detections","piE to 10%: Roman alone, N_1",2829.781483429161,100.34816312885182,3261.0,,,
ns,"what Rubin adds, over Roman's footprint detections","piE to 10%: joint, N_1",3197.668992338118,106.31009163475814,3732.0,,,
ns,"what Rubin adds, over Roman's footprint detections",piE to 10%: joint / Roman alone (yield ratio),1.1300056244848795,0.012864028735587767,,,,
ns,"what Rubin adds, over Roman's footprint detections",tetE to 10%: Roman alone [%],67.62823235856935,0.5295721847794623,18047.0,7957.119074143793,,
ns,"what Rubin adds, over Roman's footprint detections",tetE to 10%: joint [%],67.81108473645064,0.5269503524503265,18047.0,7957.119074143793,,
ns,"what Rubin adds, over Roman's footprint detections","tetE to 10%: Roman alone, N_1",39186.72617638543,524.310693265754,13775.0,,,
ns,"what Rubin adds, over Roman's footprint detections","tetE to 10%: joint, N_1",39292.678638395344,525.22278891648,13803.0,,,
ns,"what Rubin adds, over Roman's footprint detections",tetE to 10%: joint / Roman alone (yield ratio),1.00270378447878,0.0007893137732494539,,,,
ns,"what Rubin adds, over Roman's footprint detections",Ml to 10%: Roman alone [%],3.94458928708986,0.15678229130548882,18047.0,7957.119074143793,,
ns,"what Rubin adds, over Roman's footprint detections",Ml to 10%: joint [%],4.471495306796632,0.1626048548981688,18047.0,7957.119074143793,,
ns,"what Rubin adds, over Roman's footprint detections","Ml to 10%: Roman alone, N_1",2285.6373663881227,89.6767126414647,2790.0,,,
ns,"what Rubin adds, over Roman's footprint detections","Ml to 10%: joint, N_1",2590.9474704879367,95.144540263851,3174.0,,,
ns,"what Rubin adds, over Roman's footprint detections",Ml to 10%: joint / Roman alone (yield ratio),1.1335776657266854,0.014579074522776483,,,,
ns,"what Rubin adds, over Roman's footprint detections",median sigma_J/sigma_Roman (tE),0.9993758279649251,4.438169254541794e-05,18043.0,7954.522793975605,,
ns,"what Rubin adds, over Roman's footprint detections",median sigma_J/sigma_Roman (piE),0.9994831985585662,3.611548912027223e-05,18043.0,7954.522793975605,,
ns,"what Rubin adds, over Roman's footprint detections",median sigma_J/sigma_Roman (tetE),0.9989939670266244,4.145093839758488e-05,18047.0,7957.119074143794,,
ns,"what Rubin adds, over Roman's footprint detections",median sigma_J/sigma_Roman (Ml),0.9993351704027035,3.651742602702178e-05,18047.0,7957.119074143793,,
ns,Roman detections by peak coverage (yield-weighted),no Roman epoch within +-2 tE of the peak [%],3.88986033420866,0.2140094404074493,18047.0,,3.9,
