population,bar,depth,P,err,N1,N1_err,n,agreement
bulge,5,29.0 (simulator),5.061840777671097,0.517632698350496,4143.639571466068,412.1840108554216,732,
bulge,5,29.00 (model),5.094030288580771,0.5176872130117851,4169.987908404439,412.818369497337,738,99.72096267875828
bulge,5,26.11 (model),1.800252152594264,0.4530438183538465,1473.772802294346,347.7620769084456,273,
bulge,5,25.52 (model),1.3898881615609242,0.3665331185071037,1137.7766033071152,292.5052458972511,209,
bulge,20,29.0 (simulator),0.5604451729748746,0.30437984033437016,458.8260823622427,239.86403580995733,35,
bulge,20,29.00 (model),0.56554745049211,0.3044772319409452,463.00249024723445,239.94662395452664,35,99.94768050226718
bulge,20,26.11 (model),0.33338150652857135,0.25251719860441846,272.9656357101556,203.1282074992778,9,
bulge,20,25.52 (model),0.0003630817530588199,0.0003165657524454459,0.297196201353059,0.26197071837997565,2,
bulge,PSF,29.0 (simulator),0.0,0.0,0.0,0.0,0,
bulge,PSF,29.00 (model),0.0,0.0,0.0,0.0,0,100.0
bulge,PSF,26.11 (model),0.0,0.0,0.0,0.0,0,
bulge,PSF,25.52 (model),0.0,0.0,0.0,0.0,0,
bulge,baseline F146 > 25.52,Roman detections,0.3112452516008972,0.0653127774792036,254.8153749415219,,25,
bulge,baseline F146 > 27.00,Roman detections,0.0,0.0,0.0,,0,
bulge,source F146 > 25.52,Roman detections,0.3112452516008972,0.0653127774792036,254.8153749415219,,25,
bulge,source F146 > 27.00,Roman detections,0.0,0.0,0.0,,0,
bulge,"median baseline F146, all footprint detections",,21.8161,0.04237609376095801,,,12461,
bulge,"median sigma_a(baseline) [mas], footprint dets",,2.751151901917418,0.08941849188478344,,,12461,
bh,5,29.0 (simulator),65.50775208630672,0.4914231013397172,5501.514921476612,75.68076451913534,13475,
bh,5,29.00 (model),65.53696718872783,0.491386463875254,5503.966323469491,75.6897003822554,13477,99.7644188296664
bh,5,26.11 (model),51.52745233360161,0.5384597580840781,4327.476064469503,67.08710179071156,10677,
bh,5,25.52 (model),45.382313330882965,0.5589606723656233,3811.4523997140827,62.74513322131061,9534,
bh,20,29.0 (simulator),30.900181444468984,0.5201783292745078,2594.978121318332,53.61680077911093,5105,
bh,20,29.00 (model),30.96171166530381,0.5205907368916239,2600.1442097720633,53.66186894839505,5117,99.9074502545118
bh,20,26.11 (model),24.58177567370995,0.5161763777007236,2064.4176253072164,48.91024558415856,3816,
bh,20,25.52 (model),22.135899929310074,0.49883117707793195,1859.0068627321903,46.42447052922607,3445,
bh,PSF,29.0 (simulator),0.6788461550173435,0.07618833841782247,57.00997722025144,6.333257472339229,268,
bh,PSF,29.00 (model),0.6766018123742128,0.07617289595583596,56.82147123570682,6.330850124601464,267,99.98737958016069
bh,PSF,26.11 (model),0.3559760121639107,0.04942966358886114,29.903990849536143,4.18799789223388,187,
bh,PSF,25.52 (model),0.312214084478367,0.04331098724491511,26.23000113641809,3.530650297569361,175,
bh,baseline F146 > 25.52,Roman detections,0.9460242651799518,0.11097914867171604,79.46124678563235,,137,
bh,baseline F146 > 27.00,Roman detections,0.0034354785701215165,0.00348622122970981,0.28855142606004686,,1,
bh,source F146 > 25.52,Roman detections,1.0112407163941528,0.11673870729848494,84.9383110901419,,140,
bh,source F146 > 27.00,Roman detections,0.0034354785701215165,0.00348622122970981,0.28855142606004686,,1,
bh,"median baseline F146, all footprint detections",,22.4069,0.03113310006146999,,,24186,
bh,"median sigma_a(baseline) [mas], footprint dets",,4.32675545765952,0.1033175354777039,,,24186,
ns,5,29.0 (simulator),14.853286121021302,0.38563088394380146,8606.552631314455,238.40004404459677,3678,
ns,5,29.00 (model),14.940357362243425,0.3862110510385712,8657.003539057148,238.65516483062783,3681,99.51792541696682
ns,5,26.11 (model),3.835019007424942,0.16627662553332112,2222.141696236822,101.31192513988603,1810,
ns,5,25.52 (model),2.930255538287859,0.1498099593854804,1697.8901685806968,89.26186019425218,1480,
ns,20,29.0 (simulator),0.35164830453450807,0.04597429004431943,203.75620485319925,26.196127415633725,244,
ns,20,29.00 (model),0.3558066796488964,0.045590097416280846,206.16561622943183,26.259564052340444,250,99.88917825677397
ns,20,26.11 (model),0.036477421588916835,0.008079263576288718,21.136224698298157,4.861727743197772,73,
ns,20,25.52 (model),0.021742917768985147,0.005686154245696063,12.598522107676322,3.4234198067900983,56,
ns,PSF,29.0 (simulator),0.0011242514463216384,0.0008532011119628616,0.6514244520068218,0.48479514277205005,5,
ns,PSF,29.00 (model),0.0017185787072074563,0.0010497902108542038,0.9957951988730852,0.5946574995344803,6,99.9944589128387
ns,PSF,26.11 (model),4.328781991731938e-05,4.368597549511807e-05,0.025082239796507547,0.025082239796507547,1,
ns,PSF,25.52 (model),4.328781991731938e-05,4.368597549511807e-05,0.025082239796507547,0.025082239796507547,1,
ns,baseline F146 > 25.52,Roman detections,0.5079631731994837,0.08541893157858083,294.34102367435156,,65,
ns,baseline F146 > 27.00,Roman detections,0.02156648539866141,0.01851336716620957,12.496423399188888,,2,
ns,source F146 > 25.52,Roman detections,0.5155913025151834,0.08513719888180044,298.76131053838327,,66,
ns,source F146 > 27.00,Roman detections,0.02156648539866141,0.01851336716620957,12.496423399188888,,2,
ns,"median baseline F146, all footprint detections",,21.9394,0.034089471538145004,,,19058,
ns,"median sigma_a(baseline) [mas], footprint dets",,3.0238133156334497,0.07896182412136837,,,19058,
