population,quantity,block,slope_per_deg,slope_err,chi2,dof,b_rows,area_sim,area_real_eff,area_factor,latitude_factor,ratio,ratio_lo,ratio_hi,ratio_ogle_slope,N1_sim_measured
scan,d ln(model/OGLE rate per star)/db,footprint latitudes,-0.07486753437382718,0.1928608048346272,,,,,,,,,,,,
bulge,Roman detects,five-field,0.7246563694529262,0.159289082470669,8.253516681864905,4.0,-1.44..-0.94,1.1900000000000002,1.428243493195931,1.2002046161310342,0.8690610009903139,1.043051025088032,1.0145760468421543,1.073871711088012,1.0289303043156537,59790.89781412832
bulge,Roman detects,GC field,-0.49570666026581295,0.23309953354068577,0.5972280848955688,4.0,-0.34..0.16,0.28,0.28361160655304535,1.0128985948323048,1.0627419120493828,1.0764497893842166,1.0457459877791135,1.1100175971790518,1.0660525302028332,22069.8620459581
bulge,"Roman, sigma(M)/M<10%",five-field,0.0610062464220467,0.8725457369378588,9.199740908930018,4.0,-1.44..-0.94,1.1900000000000002,1.428243493195931,1.2002046161310342,0.9876676607519289,1.1854032856378054,1.0051798163666756,1.4238906269023242,1.1676633732348545,1233.9621041696873
bulge,"Roman, sigma(M)/M<10%",GC field,1.3432633111505992,1.5947642449750647,9.996704112800009,4.0,-0.34..0.16,0.28,0.28361160655304535,1.0128985948323048,0.8827029125658716,0.8940885397923543,0.8266008877927367,1.0429572174096038,0.8893726505636284,695.564361470293
bulge,Rubin detects (footprint),five-field,1.8840700945123194,0.39710143519990093,9.829253271200843,4.0,-1.44..-0.94,1.1900000000000002,1.428243493195931,1.2002046161310342,0.7159424558250236,0.8592774403653823,0.8106442485794578,0.913479498813597,0.8496127214907611,12266.639812524727
bulge,Rubin detects (footprint),GC field,-0.2800586373994033,0.5051950033777709,1.6665592057876615,4.0,-0.34..0.16,0.28,0.28361160655304535,1.0128985948323048,1.033954589486647,1.0472911508114373,0.9849695185531636,1.1188577703432667,1.0377226994561202,4566.030062022099
bulge,Roman detects,whole footprint,,,,,,1.4700000000000002,1.7118550997489763,1.1645272787408,0.9034184370188343,1.05205541402581,1.0287318376187318,1.0753789904328883,1.0389385476494468,81860.75986008643
bulge,"Roman, sigma(M)/M<10%",whole footprint,,,,,,1.4700000000000002,1.7118550997489763,1.1645272787408,0.9277488455130457,1.080388838420226,0.9409392069520035,1.2198384698884486,1.0673438843525316,1929.5264656399804
bulge,Rubin detects (footprint),whole footprint,,,,,,1.4700000000000002,1.7118550997489763,1.1645272787408,0.7816717190180718,0.9102780398167584,0.8686395269202138,0.951916552713303,0.9006394344696058,16832.669874546824
bulge,Roman-characterised fraction,"five-field, per-event trend",0.003997339107905145,0.03054751382356555,,,-1.44:10.8+-1.3 -1.34:10.5+-1.0 -1.24:11.0+-1.2 -1.14:12.0+-1.1 -1.04:9.4+-1.0 -0.94:13.0+-1.8,,,,,0.9926096270055867,,,,
bulge,Roman sigma(M)/M<10% fraction,"five-field, per-event trend",-0.016150667827872195,0.010217885432781985,,,-1.44:1.9+-0.4 -1.34:2.5+-0.5 -1.24:1.6+-0.4 -1.14:1.9+-0.4 -1.04:1.3+-0.3 -0.94:3.3+-1.3,,,,,1.189650494585224,,,,
bulge,"P(resolvable), Roman D=5 (as simulated)","five-field, per-event trend",0.02152289615559717,0.020506854799416323,,,-1.44:2.5+-0.6 -1.34:5.1+-0.9 -1.24:7.1+-2.1 -1.14:3.1+-0.6 -1.04:3.7+-0.9 -0.94:5.1+-1.5,,,,,0.8802883600044228,,,,
bh,Roman detects,five-field,0.8669188071308492,0.08835532755996316,5.812121493085153,4.0,-1.44..-0.94,1.1900000000000002,1.428243493195931,1.2002046161310342,0.8469567855514385,1.0165214436823389,1.0012900494496035,1.032606067484214,1.0030633666540472,6286.265041913592
bh,Roman detects,GC field,-0.28662105249798003,0.16424106804357227,4.217299956352065,4.0,-0.34..0.16,0.28,0.28361160655304535,1.0128985948323048,1.0347958172534129,1.0481432292343285,1.0279301742119853,1.0697083762385284,1.038550272520306,2112.173595899238
bh,"Roman, sigma(M)/M<10%",five-field,0.8929502635955721,0.19597618617362272,2.7516390341367605,4.0,-1.44..-0.94,1.1900000000000002,1.428243493195931,1.2002046161310342,0.8430258781100304,1.0118035504255771,0.977701095061924,1.0475163789135602,0.9984627995741356,774.5184782395496
bh,"Roman, sigma(M)/M<10%",GC field,-0.5883108376020415,0.4150108503649371,1.5213601894517337,4.0,-0.34..0.16,0.28,0.28361160655304535,1.0128985948323048,1.0758480782394761,1.089725006701801,1.034435871374326,1.154799369457165,1.078956603063794,293.9073050427342
bh,Rubin detects (footprint),five-field,1.4080613149999601,0.2923393442550972,15.210566821736933,4.0,-1.44..-0.94,1.1900000000000002,1.428243493195931,1.2002046161310342,0.7718692223140752,0.9264010036708246,0.8841532807340393,0.9720378174233751,0.9151510495951267,1298.2282984155463
bh,Rubin detects (footprint),GC field,-1.0127476921898992,0.35411138837751993,5.626634978845357,4.0,-0.34..0.16,0.28,0.28361160655304535,1.0128985948323048,1.1420320136184752,1.1567626218476612,1.0971118550745993,1.2205442450269643,1.1441694894813041,513.2263104008149
bh,Roman detects,whole footprint,,,,,,1.4700000000000002,1.7118550997489763,1.1645272787408,0.8797339611385109,1.0244741957804948,1.0116305256718405,1.0373178658891493,1.0119881809919649,8398.43863781283
bh,"Roman, sigma(M)/M<10%",whole footprint,,,,,,1.4700000000000002,1.7118550997489763,1.1645272787408,0.8872600489623186,1.0332385303535179,1.0029991880528106,1.0634778726542249,1.0206053921869858,1068.4257832822839
bh,Rubin detects (footprint),whole footprint,,,,,,1.4700000000000002,1.7118550997489763,1.1645272787408,0.851562440907851,0.9916676919882932,0.9556466002683116,1.0276887837082747,0.980037184938775,1811.454608816361
bh,Roman-characterised fraction,"five-field, per-event trend",0.014465691374506451,0.03141728882769057,,,-1.44:27.7+-1.4 -1.34:32.7+-1.2 -1.24:30.7+-1.2 -1.14:30.2+-1.3 -1.04:28.8+-1.2 -0.94:31.8+-1.3,,,,,0.990480082375192,,,,
bh,Roman sigma(M)/M<10% fraction,"five-field, per-event trend",0.0020664897219131715,0.022843728783733176,,,-1.44:11.7+-1.0 -1.34:13.2+-0.9 -1.24:12.4+-0.8 -1.14:11.8+-0.9 -1.04:11.8+-0.9 -0.94:13.0+-1.0,,,,,0.9966493884182248,,,,
bh,"P(resolvable), Roman D=5 (as simulated)","five-field, per-event trend",0.11372696872164637,0.03441360454526679,,,-1.44:62.3+-1.5 -1.34:63.8+-1.3 -1.24:63.4+-1.3 -1.14:62.1+-1.4 -1.04:67.4+-1.4 -0.94:68.4+-1.5,,,,,0.9646949947503414,,,,
ns,Roman detects,five-field,0.9085355703696358,0.137462765106076,12.959439019819701,4.0,-1.44..-0.94,1.1900000000000002,1.428243493195931,1.2002046161310342,0.8406888468479689,1.0089986347168083,0.9858123559558133,1.0338763139926677,0.9957275593517427,42508.20040804054
ns,Roman detects,GC field,-0.07525350590655966,0.16334096806955822,1.8169613112447525,4.0,-0.34..0.16,0.28,0.28361160655304535,1.0128985948323048,1.0087574339493603,1.0217689873739486,1.003285226124675,1.0415266089792146,1.0129434127137134,15436.232245303177
ns,"Roman, sigma(M)/M<10%",five-field,1.3170877814871733,0.2752339591760771,4.291086702828047,4.0,-1.44..-0.94,1.1900000000000002,1.428243493195931,1.2002046161310342,0.7835715002350178,0.940446131650788,0.8993785456839035,0.984509664103191,0.9288572255039742,1634.4427675867107
ns,"Roman, sigma(M)/M<10%",GC field,0.36444607750033853,0.5129603733047919,2.891863202000037,4.0,-0.34..0.16,0.28,0.28361160655304535,1.0128985948323048,0.9611770073341793,0.9735748401139102,0.9281196161791928,1.0303383531455215,0.9662074373692614,651.194598801412
ns,Rubin detects (footprint),five-field,1.8287346642680544,0.2689923504341021,10.346955221541334,4.0,-1.44..-0.94,1.1900000000000002,1.428243493195931,1.2002046161310342,0.7220168133712076,0.8665679123323428,0.8324197802259318,0.9031332181083891,0.8567341689624184,8343.5316414729
ns,Rubin detects (footprint),GC field,0.09219715066469981,0.3499570574827517,2.5742632992857875,4.0,-0.34..0.16,0.28,0.28361160655304535,1.0128985948323048,0.9896253171529159,1.0023900931546625,0.9640650334160168,1.044033495035027,0.9941412250913858,3219.400938499214
ns,Roman detects,whole footprint,,,,,,1.4700000000000002,1.7118550997489763,1.1645272787408,0.8693661701770145,1.01240062038555,0.9940495952870833,1.0307516454840167,1.000313813779089,57944.43265334371
ns,"Roman, sigma(M)/M<10%",whole footprint,,,,,,1.4700000000000002,1.7118550997489763,1.1645272787408,0.8156826871974004,0.949884740037972,0.9161426779365972,0.9836268021393467,0.9394985707096656,2285.6373663881227
ns,Rubin detects (footprint),whole footprint,,,,,,1.4700000000000002,1.7118550997489763,1.1645272787408,0.7766104915956427,0.9043841024194288,0.8765484315061334,0.9322197733327243,0.8949916267827837,11562.932579972115
ns,Roman-characterised fraction,"five-field, per-event trend",0.014267891508625851,0.023144486603305182,,,-1.44:14.4+-0.9 -1.34:16.1+-1.0 -1.24:14.9+-0.9 -1.14:16.3+-0.9 -1.04:15.7+-0.9 -0.94:15.2+-1.0,,,,,0.981499833359953,,,,
ns,Roman sigma(M)/M<10% fraction,"five-field, per-event trend",0.01957392044500108,0.009626764077944197,,,-1.44:2.8+-0.3 -1.34:4.1+-0.4 -1.24:4.0+-0.4 -1.14:4.0+-0.4 -1.04:3.8+-0.4 -0.94:4.1+-0.5,,,,,0.8958903867334577,,,,
ns,"P(resolvable), Roman D=5 (as simulated)","five-field, per-event trend",0.0742541762723165,0.02396334811461982,,,-1.44:12.2+-0.9 -1.34:13.2+-1.0 -1.24:13.1+-0.9 -1.14:12.6+-1.0 -1.04:15.5+-1.0 -0.94:16.5+-1.2,,,,,0.8918295303723962,,,,
scan,Rubin sky co-imaged with Roman fields,completeness,,,,,corner cut 4.94 deg^2; beyond box 0.00 deg^2; 2478 pointings,52.51000000000001,57.45000000000001,,,0.9140121845082682,,,,
scan,visit counter reproduces run log,all sightlines,,,,,,,,,,1.0,,,,
scan,"cut (l < -0.94, b > 0.31)",corner,,,,,"median visits 24, median overlapping-Roman visits 22",7.500000000000002,4.880000000000001,,,,,,,4.860000000000001
scan,"cut (l < -0.94, b > 0.31)","corner, by Roman block",,,,,area_sim = imaged with GC field; area_real_eff = with five-field block,4.8500000000000005,4.240000000000001,,,,,,,
scan,"opposite (high l, b > 0.31)",corner,,,,,"median visits 68, median overlapping-Roman visits 0",7.500000000000002,6.730000000000001,,,,,,,3.730000000000001
scan,"opposite (high l, b > 0.31)","corner, by Roman block",,,,,area_sim = imaged with GC field; area_real_eff = with five-field block,2.6500000000000004,3.5600000000000005,,,,,,,
bulge,Rubin detections lost to the corner cut,estimate,,,,,of whole-scan Rubin N_1 1.749e+05; 372 northern sightlines,,,,,0.010386101558465491,,,,1816.8803757426647
bh,Rubin detections lost to the corner cut,estimate,,,,,of whole-scan Rubin N_1 2.434e+04; 372 northern sightlines,,,,,0.024257335730812325,,,,590.4658130191012
ns,Rubin detections lost to the corner cut,estimate,,,,,of whole-scan Rubin N_1 1.411e+05; 372 northern sightlines,,,,,0.012435809096042295,,,,1754.4218585287915
