population,quantity,corrected,mc,syst,total,as_simulated,s_map,s_aks,s_eff,marshall,decaps,aks_lo,aks_hi,pooled
bulge,Roman detects,50350.10091027888,921.6830500587623,2797.0310700308755,2944.975798115103,81860.75986008643,1167.190439109865,2520.2754237510744,330.54662909327453,51517.291349388746,66389.37948074573,49379.61148928462,52870.376334029956,50680.647539372156
bulge,"Roman, sigma(M)/M<10%",832.4666810239232,77.08360754403354,72.27254854530757,105.66552808383832,1929.5264656399804,13.901398834066981,36.23832893818974,60.966022499894166,846.3680798579902,1335.811804401515,833.5572407759355,868.705009962113,893.4327035238174
bulge,"Roman, sigma(M)/M<1%",3.172832675012244,1.5802331570564434,1.2842404231974538,2.03627362975484,11.697638952247477,0.5634033509281795,1.1483665980215845,0.11447395024898022,3.7362360259404235,4.34408722408776,3.1414515984374423,4.3211992730338284,3.287306625261224
bulge,"joint, sigma(M)/M<10%",904.4498635989248,81.20775855578938,86.80452116194817,118.86851956599145,2124.835996968536,18.719886270928328,48.409965951069466,69.57776907011976,923.1697498698531,1437.8522123038588,913.0595432437145,952.8598295499943,974.0276326690446
bulge,Rubin detects (footprint),4853.298108283128,260.3118138212645,444.5529426954511,515.159741511409,16832.669874546824,439.0783838446505,42.32151484147562,55.19403120879633,5292.376492127779,5631.752626619456,4820.571108322967,4895.619623124604,4908.492139491925
bulge,both detect,2969.14867221487,209.78025722011324,103.50782784572016,233.92654134295262,9488.19807605164,93.13234207192454,25.313186477629642,37.4096227712339,3062.2810142867947,3400.312176055215,2956.0093689198156,2994.4618586925,3006.558294986104
bulge,Rubin only (footprint),1816.332824539686,150.32767000278224,307.913329657143,342.6500064920674,7344.471798495186,307.058352032082,19.738420429578582,11.669695233193806,2123.391176571768,2132.3703543689394,1796.9958028494102,1836.0712449692646,1828.0025197728799
bulge,"RfR: characterised, Rubin alone",223.6977999653809,30.35045485676682,53.505448711044494,61.51408905106905,838.9807181155875,32.55863605318433,0.3678085875640136,42.45742546327335,191.13916391219658,289.2881451077494,223.6977999653809,224.06560855294492,266.15522542865426
bulge,"RfR: characterised, joint",1369.8017190406904,112.4311619938722,103.06322223312486,152.5214541117636,4368.701387891243,84.42789843792252,45.42590611845162,37.82122149994552,1454.229617478613,1586.488381461717,1365.2708277421395,1415.227625159142,1407.622940540636
bulge,"RfR: mass to 10%, Rubin alone",0.0,0.0,0.002218591355076862,0.002218591355076862,1.1356188130244995,0.0,0.0,0.002218591355076862,0.0,0.0,0.0,0.0,0.002218591355076862
bulge,"RfR: mass to 10%, joint",392.8004572561398,48.053337057362306,38.3600087272861,61.48669345399812,1489.9989885833147,13.57268490827397,11.153371227747812,34.1009501948879,379.2277723478658,514.2942011761091,392.4968904583807,403.9538284838876,426.9014074510277
bulge,"RfR: characterised, Rubin alone [%]",4.609191419410146,0.6603380505305064,1.2874234840578618,1.446895147646198,4.984240315817249,0.9975971914388504,0.03233239436325697,0.8131504702155317,3.6115942279712954,5.136733878195907,4.640483356404701,4.576859025046889,5.422341889625677
bulge,"RfR: characterised, joint [%]",28.22414136693661,2.2143890564209623,1.1090828229277974,2.476607276358206,25.953704435784637,0.7463226659857689,0.6838975353153636,0.4531570892515724,27.47781870095084,28.170420234065404,28.321765140751236,28.908038902251974,28.677298456188183
bulge,"RfR: mass to 10%, Rubin alone [%]",0.0,0.0,4.519904060203929e-05,4.519904060203929e-05,0.006746516277502134,0.0,0.0,4.519904060203929e-05,0.0,0.0,0.0,0.0,4.519904060203929e-05
bulge,"RfR: mass to 10%, joint [%]",8.093474756593807,1.0190860798331056,1.1182361350723813,1.5129403464417306,8.851828020677731,0.9279268612021321,0.1578572418277968,0.6037258361571887,7.165547895391675,9.132045302295564,8.14212427611978,8.251331998421604,8.697200592750995
bulge,"joint/Roman, sigma(M)/M<10%",1.0864697461362216,0.028773948247193915,0.011852395068826696,0.03111943711894129,1.1012214835124203,0.0042728891776588895,0.010404127759764847,0.0037384237990740754,1.0907426353138805,1.0763883112622,1.0953771361805609,1.0968738738959865,1.0902081699352957
bulge,"Roman also detects, of Rubin's [%]",61.17795787461359,2.553171551331566,3.31974410157386,4.188004998858439,56.36775476954505,3.3158420776398003,0.14277160941189493,0.0742191594788224,57.86211579697379,60.377513031787814,61.320729484025485,61.166146253439926,61.25217703409241
bulge,Roman sigma(M)/M<10% fraction of its detections [%],1.6533565295277823,0.1531218337656219,0.11535464139138142,0.1917106915805192,2.3570835024471557,0.010474969396938372,0.03470300685965433,0.10951104794296418,1.642881560130844,2.012086594044651,1.6880595363874367,1.6430845970789354,1.7628675774707465
bulge,"median sigma_J/sigma_Rubin (tE), Rubin's detections",0.09729920727585571,0.018241170747144007,0.007187148264823966,0.01960600444779671,0.15697711052395014,0.006627212226079482,0.001966616166294885,0.001966616166294885,0.1039264195019352,0.10167222226620955,0.09533259110956083,0.09744016264670548,0.09533259110956083
bulge,"median sigma_J/sigma_Roman (tE), both constrain",0.9987787384174002,0.00016014330826005828,0.00010485235144061922,0.00019141550298526808,0.9988190651511336,1.622710736448596e-06,0.0001042384729856849,1.1212634039581282e-05,0.9987771157066637,0.9989385378417094,0.9988098388791311,0.9986744999444145,0.9987675257833606
bulge,"median max shift [mas], Roman's detections",0.12329325968802998,0.0018107883824969558,0.0005435031848247676,0.0018905952179407964,0.12471366685735173,0.000541674451967844,4.454772721476652e-05,0.0,0.12275158523606214,0.12415168732039047,0.12329325968802998,0.12333780741524475,0.12329325968802998
bulge,"median A_V, Roman's footprint detections (corrected)",7.188911747228903,0.08770394266668832,0.2818792590435018,0.2952082286085456,3.6371545667447305,0.05989840873705443,0.2740087776753031,0.028058636220755773,7.129013338491848,7.468006940235005,7.127357631108699,7.462920524904206,7.216970383449659
bulge,P(resolvable) Roman D=5 [%],0.799079851294723,0.26770139720824837,0.03316750210430193,0.26974825534762453,1.3898925507798408,0.03222539796876933,0.007849007682077414,0.0,0.7668544533259537,1.145452946458581,0.7912308436126456,0.7923559955724805,0.799079851294723
bulge,"Roman resolves, D=5, N_1",402.33751148059946,135.67507596254256,18.109544359292922,136.87834684252618,1137.7766033071152,7.274868534905522,16.58408528382074,0.0,395.06264294569394,760.4591033977703,390.7067165593136,418.9215967644202,402.33751148059946
bulge,P(resolvable) Roman D=20 [%],7.059350699139187e-05,7.060528379217202e-05,0.0004763993247249474,0.00048160297206076194,0.00036305087060151467,0.0004763874395656997,3.365118485685719e-06,0.0,0.0005469809465570916,5.353853626027496e-05,7.198092681224033e-05,6.722838850570615e-05,7.059350699139187e-05
bulge,"Roman resolves, D=20, N_1",0.035543902006270583,0.035543902006270583,0.24624586585719063,0.24879790075800257,0.297196201353059,0.24624586585719063,0.0,0.0,0.2817897678634612,0.035543902006270583,0.035543902006270583,0.035543902006270583,0.035543902006270583
bulge,P(resolvable) Roman D=PSF [%],0.0,0.0,0.0,0.0,0.0,0.0,0.0,0.0,0.0,0.0,0.0,0.0,0.0
bulge,"Roman resolves, D=PSF, N_1",0.0,0.0,0.0,0.0,0.0,0.0,0.0,0.0,0.0,0.0,0.0,0.0,0.0
bulge,"Rubin detects, whole scan",78314.62025061881,1118.071776632958,11625.508873020452,11679.149842962903,174934.43442860607,11498.909695935348,1404.6047862873238,977.0454215337377,66815.71055468346,87384.21831515181,77741.61548791558,79719.22503690614,77337.57482908508
bulge,"Rubin detects, outside footprint",73534.0939285841,1089.3580930257763,12047.726159186075,12096.875905025116,,11967.743618778433,1371.146622965418,201.92875044202083,61566.35030980567,81401.2637934269,72977.0524497788,74905.24055154952,73332.16517814208
bulge,share of detections outside the footprint [%],58.49943138305006,0.5641243517436869,5.1138740048840265,5.14489490874778,,5.059681400449769,0.7073899152290863,0.22567891262464457,53.43974998260029,54.295375888795604,58.77962244647598,57.79204146782097,58.273752470425414
bh,Roman detects,5663.48997347827,66.87744988567282,313.7179012626374,320.76707261788044,8398.43863781283,82.0490853456322,283.38700348062866,106.67087430432548,5745.539058823902,7270.300743751192,5554.172866226607,5946.876976958899,5770.160847782596
bh,"Roman, sigma(M)/M<10%",578.481483874683,19.04434099994296,37.79540120267591,42.32232597806203,1068.4257832822839,22.059546422751964,26.976952540969478,14.632593594300602,600.541030297435,780.7122880873164,569.8629142215807,605.4584364156525,593.1140774689836
bh,"Roman, sigma(M)/M<1%",25.870213541962833,3.1298661958282534,2.277722848563094,3.870928025506906,59.80305861035616,0.7396970104257328,1.0253917622210835,1.894582128492388,26.609910552388566,34.64116436141294,25.62385213401597,26.895605304183917,27.76479567045522
bh,"joint, sigma(M)/M<10%",651.0667227455385,19.956878292718585,42.164621887076926,46.64903353844053,1216.4459042796173,28.164365587055727,28.363655669921854,13.421135831104152,679.2310883325943,873.9529137786378,640.6235215735351,679.4303784154604,664.4878585766427
bh,Rubin detects (footprint),685.1547005978581,20.58448207435197,64.06768058664287,67.29330277242612,1811.454608816361,63.41569942876731,9.11683055576043,0.012740874720407191,748.5704000266254,840.0307176446433,678.4267955202092,694.2715311536185,685.1419597231377
bh,both detect,645.191138054647,19.987871525088398,62.70730879175493,65.81581560694926,1745.7831086383524,62.20276527987721,7.918927325097911,0.5596047362420222,707.3939033345242,789.78112190552,639.2416861119359,653.1100653797449,645.750742790889
bh,Rubin only (footprint),22.50279059544374,2.755468808890062,1.5069704763204261,3.140631843000295,65.67150017800878,1.4582739020963942,0.34187843400815154,0.1658806176926717,23.961064497540136,27.005592459414306,22.16091216143559,22.81984452174027,22.33690997775107
bh,"RfR: characterised, Rubin alone",81.6558752098091,6.281342228800629,5.187508086693382,8.146502338109483,242.44125888627357,3.960154852337439,0.6123590216347452,3.2943026763853993,85.61603006214654,100.54461304331528,81.04351618817435,82.14177063709377,84.9501778861945
bh,"RfR: characterised, joint",568.0000939540158,19.230255830910053,58.71691346701014,61.78574808493142,1429.229902383954,58.41846989983526,5.898160619872215,0.412314147934012,626.4185638538511,692.0585935259405,563.0580506910958,573.898254573888,568.4124081019498
bh,"RfR: mass to 10%, Rubin alone",1.1613026448335442,0.6095316060072486,0.218112812659567,0.6473808599024559,8.096779854520973,0.19810867542792343,0.0,0.09124774937751101,0.9631939694056207,1.1914883398343794,1.1613026448335442,1.1613026448335442,1.2525503942110552
bh,"RfR: mass to 10%, joint",365.2612104891615,15.164795062917767,39.770954460202184,42.56406733355931,895.8923356504513,39.485951647821935,3.4783676784441013,3.238734233446735,404.74716213698343,446.5897415046685,362.31838182230393,368.7395781676056,368.49994472260823
bh,"RfR: characterised, Rubin alone [%]",11.917874187910718,0.8895065779133465,0.6854668738994482,1.122981205258839,13.38378879085959,0.4806025486498928,0.08651326481410138,0.4810420776355375,11.437271639260825,11.969159095185432,11.945801186409684,11.831360923096616,12.398916265546255
bh,"RfR: characterised, joint [%]",82.900999359471,1.1510412747604302,0.8190851247248708,1.412726604034791,78.89957029162547,0.7809848375491271,0.23906828182985862,0.061720998751155776,83.68198419702013,82.38491509767633,82.9946656601837,82.66193107764114,82.96272035822216
bh,"RfR: mass to 10%, Rubin alone [%]",0.1694949540330388,0.08906931160383082,0.04299992917524022,0.09890569335814792,0.44697669017561326,0.040823827126155815,0.0022257239518491956,0.013321231202091804,0.12867112690688298,0.14183866313546079,0.1711758221376076,0.1672692300811896,0.1828161852351306
bh,"RfR: mass to 10%, joint [%]",53.31076473246681,1.5117151627331273,0.9162228855857866,1.7676954232300288,49.45706788843273,0.7585869440872273,0.19904091528840695,0.4737013176809839,54.069351676554035,53.163501301102244,53.40567091612039,53.1117238171784,53.78446605014779
bh,"joint/Roman, sigma(M)/M<10%",1.1254754748322762,0.013120785175488512,0.00825633630182194,0.015502325398149204,1.1385403865326091,0.0055564681411885974,0.0033003798121689076,0.005138116777591462,1.1310319429734648,1.1194302012585886,1.1241712797692962,1.1221750950201073,1.1203373580546847
bh,"Roman also detects, of Rubin's [%]",94.16722055495798,0.4216569373665056,0.35560267661706446,0.5515866536152971,96.37465383574144,0.3320948480239423,0.09594785067162093,0.08342832543370093,94.49931540298192,94.01812401812901,94.22412120703065,94.07127270428636,94.25064888039168
bh,Roman sigma(M)/M<10% fraction of its detections [%],10.214222795196452,0.31748390921597003,0.25095618179144086,0.40469128702060414,12.72171923090373,0.2380780968344567,0.04586323285571581,0.06476410162307644,10.452300892030909,10.738376796287787,10.260086028052168,10.181115882529497,10.278986896819529
bh,"median sigma_J/sigma_Rubin (tE), Rubin's detections",0.05890443278322211,0.003411027050378874,0.0004325843882411322,0.003438347683316269,0.0653525537596566,9.228243549343207e-05,0.0002988421029986865,0.0002988421029986865,0.058996715218715544,0.05736550298172644,0.058605590680223425,0.059079179907569515,0.058605590680223425
bh,"median sigma_J/sigma_Roman (tE), both constrain",0.9964839911977978,0.0003201693042814614,0.0003718779087285459,0.0004907153578240564,0.9971124986225535,9.889517333161457e-06,0.00032635287277749114,0.00017801454681320994,0.996493880715131,0.9964911992205406,0.9965542569924356,0.9961576383250204,0.9963059766509846
bh,"median max shift [mas], Roman's detections",3.389255060078179,0.03479182139939891,0.0111570927343273,0.036536988854721605,3.3838347526308823,0.005801477170133573,0.005420307447296491,0.00783861263895469,3.3950565372483124,3.375381291061797,3.389597672897552,3.3838347526308823,3.381416447439224
bh,"median A_V, Roman's footprint detections (corrected)",7.488395788965516,0.04160233744581717,0.35030447631662304,0.3527661840488954,4.1899648711943795,0.29194283815280464,0.18655521606788383,0.05176636684773239,7.196452950812711,7.556641334608959,7.40587240408146,7.6749510050333996,7.540162155813248
bh,P(resolvable) Roman D=5 [%],34.146919997334024,0.5731790106015122,1.0471747262352162,1.1937793286281717,45.41395444753385,0.755581950695813,0.725031601413697,0.0,34.90250194802984,35.112251454803584,34.40769143470309,33.42188839592033,34.146919997334024
bh,"Roman resolves, D=5, N_1",1933.907390300659,40.972563459317044,89.33433329219024,98.28211465565794,3814.0630972804,71.42949163016897,53.65119598122442,0.0,2005.336881930828,2552.766278666374,1911.0626615612553,1987.5585862818834,1933.907390300659
bh,P(resolvable) Roman D=20 [%],15.265282811731993,0.4634936658373467,0.8220272677216889,0.9436923265287935,22.141535160189147,0.6902784347993531,0.4463681343117365,0.0,15.955561246531346,15.479934228708835,15.267692298532701,14.818914677420256,15.265282811731993
bh,"Roman resolves, D=20, N_1",864.5477614655432,29.01478525022698,54.796771371136664,62.004386262726705,1859.543243898238,52.18524200848526,16.71486372114498,0.0,916.7330034740285,1125.437773362014,847.9940229440726,881.2626251866882,864.5477614655432
bh,P(resolvable) Roman D=PSF [%],0.25401591383191746,0.03787615596644261,0.015616219475974838,0.04096912863994183,0.3123199712184724,0.011221375576400572,0.010860342577247578,0.0,0.2427945382555169,0.2325357993549671,0.2540948762990574,0.24315557125466988,0.25401591383191746
bh,"Roman resolves, D=PSF, N_1",14.386165810909848,2.1438276256445077,0.5148382505738864,2.2047801053008773,26.23000113641809,0.43631078274798263,0.2732971370355397,0.0,13.949855028161865,16.906051949991955,14.112868673874308,14.460162685136853,14.386165810909848
bh,"Rubin detects, whole scan",11217.96811436505,104.92676018300419,1520.108379098613,1523.7254047919246,24341.79280724292,1475.0703729616816,365.6936180432331,34.132927488692076,9742.897741403369,13218.099906456982,11011.04986107311,11583.661732408284,11183.835186876358
bh,"Rubin detects, outside footprint",10542.814901641745,102.88361943153289,1581.305728109168,1584.6491235911494,,1539.9951387993806,358.29629211622887,23.802211680940673,9002.819762842364,12286.260882693274,10344.193116075361,10901.111193757974,10566.617113322685
bh,share of detections outside the footprint [%],64.96358277702811,0.3480304537676007,4.051912878642643,4.0668320807306255,,4.019737584001433,0.3483540107976495,0.3719639969642543,60.943845193026675,62.737604162501256,64.97393701004145,64.61522876623046,64.59161878006385
ns,Roman detects,36523.809784382596,447.8113286488135,2282.5230432083094,2326.036635318356,57944.43265334371,767.7268190732866,2010.5286151371693,760.4483294525344,37291.53660345588,47735.22412840608,35760.986951615305,38534.338399519766,37284.25811383513
ns,"Roman, sigma(M)/M<10%",1102.415220912992,49.854406858567366,51.30313347549141,71.53651786062595,2285.6373663881222,38.654401791794726,31.206588650040658,12.806152870778078,1141.0696227047868,1466.41653906161,1088.7595263751998,1133.6218095630327,1089.609068042214
ns,"Roman, sigma(M)/M<1%",20.36646021160918,3.1808531780875735,0.8044181722124695,3.280993071668312,40.51348328811764,0.27999559737928337,0.2604177156344498,0.7077242927988294,20.086464614229897,24.922586419011996,20.10604249597473,20.605164400626883,21.07418450440801
ns,"joint, sigma(M)/M<10%",1241.531590646302,52.52579496336437,56.00056808460585,76.7790515852597,2599.373879419836,43.059228690941836,32.76018536282322,14.447723188558484,1284.5908193372438,1686.9161541272265,1227.122341059586,1274.2917760091252,1227.0838674577435
ns,Rubin detects (footprint),3621.7236109726387,123.2173344677231,347.91445311348554,369.0893905256374,11562.932579972115,336.1287291791491,36.395439739222184,82.08115540033896,3957.8523401517878,5437.684800392377,3588.525961954058,3658.119050711861,3703.8047663729776
ns,both detect,2223.3565927379786,90.51546043648811,235.21288474322796,252.0280732919658,7519.470923607151,221.5714920432556,19.9490693171374,76.37545218417108,2444.9280847812342,3200.274043265525,2203.4075234208412,2240.144329535333,2299.7320449221497
ns,Rubin only (footprint),1291.4797216076158,80.29988168111126,121.8917079798271,145.96458293791653,4043.461656364963,116.04362482609758,18.63737562608594,32.312750443617915,1407.5233464337134,2138.935760549611,1280.432640993577,1310.1170972337018,1323.7924720512337
ns,"RfR: characterised, Rubin alone",173.45201073637844,15.557508331929878,14.806374813932287,21.477076165733454,570.5705199488723,13.736078115755504,1.3269211238016396,5.365461160023443,187.18808885213394,210.56734051452807,172.39978673531795,174.77893186018008,178.81747189640188
ns,"RfR: characterised, joint",1347.6226430265456,63.97731286813575,123.43153302545679,139.02675967899762,4303.438365874595,118.12601123625268,18.3850558425911,30.717723484853877,1465.7486542627983,2151.740009515519,1329.2375871839545,1360.171470444983,1378.3403665113995
ns,"RfR: mass to 10%, Rubin alone",0.004924778444082432,0.0036650404988503825,0.002568362717838286,0.004475378074374849,0.14661972932127,0.0024544625557345956,0.0,0.0007563733290369672,0.007379240999817027,0.004924778444082432,0.004924778444082432,0.004924778444082432,0.0041684051150454645
ns,"RfR: mass to 10%, joint",567.225430658803,42.875112899140724,60.20611863642473,73.91246192204203,1726.497005178659,59.35291660141388,10.063304709770478,0.8590171634895114,626.5783472602169,855.2896082097827,557.1621259490325,570.3784086973907,568.0844478222925
ns,"RfR: characterised, Rubin alone [%]",4.789211694975164,0.43865115391543824,0.0727011550127296,0.4446350107352439,4.9344793459848075,0.05967474502025283,0.014983357899447824,0.03872830661169946,4.729536949954912,3.8723712065718443,4.804195052874612,4.777836080161704,4.827940001586864
ns,"RfR: characterised, joint [%]",37.20942810057867,1.5484499341999838,0.24305780827970544,1.5674100602234464,37.21753401320076,0.17548826929670724,0.16810246223368353,0.004746335002231206,37.03393983128196,39.57088519290879,37.041325638344986,37.1822636603447,37.2141744355809
ns,"RfR: mass to 10%, Rubin alone [%]",0.0001359788590482709,0.00010130153069452455,5.5658958837067525e-05,0.00011558511937044525,0.001268015084471102,5.0466727234870374e-05,1.352883900630948e-06,2.3434991917621465e-05,0.00018644558628314127,9.056755999772304e-05,0.00013723680687545436,0.00013462597514763994,0.00011254386713064943
ns,"RfR: mass to 10%, joint [%]",15.661753672762199,1.176826269699703,0.3898898373395615,1.239731484764337,14.931307375856226,0.16951776967334808,0.1355423019618769,0.32389210457267836,15.831271442435547,15.728929491243518,15.526211370800322,15.592122639813935,15.33786156818952
ns,"joint/Roman, sigma(M)/M<10%",1.1261923521140222,0.017589774728716562,0.0021439745598619974,0.01771995490740118,1.1372643436992351,0.00041457854376880654,0.002103378825553781,2.343204203603122e-05,1.1257777735702534,1.1503662903357041,1.1270829887891192,1.1240889732884685,1.1261689200719862
ns,"Roman also detects, of Rubin's [%]",61.38946069771683,1.6470153528458664,0.8144163899252077,1.837371391060828,65.03082908769572,0.38464997280578217,0.15186021286091034,0.7016102410520801,61.77411067052261,58.85361437342961,61.401465303068925,61.23760048485592,62.09107093876891
ns,Roman sigma(M)/M<10% fraction of its detections [%],3.0183467371587818,0.13670758545040398,0.12951505501256413,0.1883165244862676,3.9445331703601183,0.041515437035031244,0.07649835816297079,0.09590943207561864,3.059862174193813,3.071980001847275,3.044545520648784,2.941848378995811,2.922437305083163
ns,"median sigma_J/sigma_Rubin (tE), Rubin's detections",0.13307788793870468,0.016299855065993508,0.016725602509772165,0.023354465407867748,0.13226637840867578,0.01672476878707191,0.0001669980056231979,0.0,0.14980265672577658,0.13744761904761904,0.13307788793870468,0.13324488594432787,0.13307788793870468
ns,"median sigma_J/sigma_Roman (tE), both constrain",0.9988042430086789,9.342139555329437e-05,4.21938488049e-05,0.00010250794127332695,0.9989489407102575,5.145636939429821e-06,4.156974293623161e-05,5.079347366931941e-06,0.9988093886456183,0.9988760279097166,0.9988306021221826,0.9987626732657426,0.9988093223560458
ns,"median max shift [mas], Roman's detections",0.251866667623763,0.0019218428384102408,0.0004327553573800336,0.001969963729333576,0.25437247214370506,0.0001697712137030405,0.000379375136459692,0.00012053812747470083,0.252036438837466,0.25391100448421056,0.2514872924873033,0.2522338276840063,0.2517461294962883
ns,"median A_V, Roman's footprint detections (corrected)",7.3405168084925485,0.05436126305176962,0.3057224581687003,0.3105179034279608,3.6565573770491806,0.19572662114587835,0.21581807039769263,0.09262759682377109,7.14479018734667,7.504497780560672,7.238075136967107,7.556334878890241,7.43314440531632
ns,P(resolvable) Roman D=5 [%],1.7110858025327456,0.12287548634788378,0.09668114340770223,0.1563509790050886,2.9379987805477406,0.06448707213134242,0.07203236091193821,0.0,1.775572874664088,1.9155433635838703,1.7185304084999642,1.6390534416208073,1.7110858025327456
ns,"Roman resolves, D=5, N_1",624.9537237646363,44.99647406169687,38.609051720408374,59.29031584275908,1702.4067247505452,37.18468471175595,10.390288621422997,0.0,662.1384084763922,914.3889178835693,614.5634351432133,631.5983997431372,624.9537237646363
ns,P(resolvable) Roman D=20 [%],0.016534120926003485,0.006123926621266415,0.0009840682043085638,0.006202488814450742,0.021742420334060028,0.0005129321053311299,0.000839815983446169,0.0,0.017047053031334615,0.014254659930316044,0.016945728703271986,0.015694304942557316,0.016534120926003485
ns,"Roman resolves, D=20, N_1",6.038890876533309,2.235835172332283,0.31891386273575784,2.258465180090933,12.598522107676322,0.3182171444573738,0.021068953899913367,0.0,6.357108020990683,6.804493866478459,6.059959830433223,6.047696576017594,6.038890876533309
ns,P(resolvable) Roman D=PSF [%],7.494298001961033e-05,7.494855663749509e-05,4.293969994613305e-06,7.507146142415538e-05,4.328671219643077e-05,1.7745176511852498e-06,3.910149027885174e-06,0.0,7.316846236842508e-05,5.734136996085012e-05,7.654159966598448e-05,7.103283099172516e-05,7.494298001961033e-05
ns,"Roman resolves, D=PSF, N_1",0.02737203146911033,0.02737203146911033,8.63875428032436e-05,0.027372167790540775,0.025082239796507547,8.63875428032436e-05,0.0,0.0,0.027285643926307085,0.02737203146911033,0.02737203146911033,0.02737203146911033,0.02737203146911033
ns,"Rubin detects, whole scan",62376.97410227843,653.4041073187287,8836.537428878175,8860.661976366431,141078.64240785912,8711.364899017382,1163.5405238755848,917.9808153943668,53665.60920326105,70395.92556630795,61806.31170935615,63540.514626154014,61458.99328688406
ns,"Rubin detects, outside footprint",58864.414826501,642.2850589383576,9145.676664697434,9168.202209382525,,9068.06375992969,1132.5642913864285,361.8278968202212,49796.35106657131,65692.0505602571,58326.1925229614,59996.97911788743,58502.58692968078
ns,share of detections outside the footprint [%],60.88601039165405,0.3868000841720177,4.727676203464712,4.743473051459447,,4.616029276691201,0.7937457427550783,0.6427781089881748,56.269981114962846,56.843648593224756,61.15932991200344,60.09226464889897,60.24323228266587
