l,b,block,model,decaps,aks,nir,nominal,nir_from_kpc,bayestar_reliable_8kpc,decaps_reliable_8kpc
-0.619,-1.34,five-field,6.974447838345864,8.060078125,0.608336865901947,7.5569797006453046,8.060078125,inf,False,True
-0.619,-1.24,five-field,9.0625,9.266171875,0.8712058663368225,10.822433122196554,9.266171875,9.05,False,True
-0.619,-1.14,five-field,11.2734375,10.264765624999999,0.8712058663368225,10.822433122196554,10.264765624999999,9.05,False,True
-0.619,-1.04,five-field,12.1875,12.85203125,0.8712058663368225,10.822433122196554,12.85203125,9.05,False,True
-0.519,-1.44,five-field,6.96484375,6.296328125,0.608336865901947,7.5569797006453046,6.296328125,inf,False,True
-0.519,-1.34,five-field,7.87109375,8.481562499999999,0.608336865901947,7.5569797006453046,8.481562499999999,inf,False,True
-0.519,-1.24,five-field,4.357235431671143,9.836796875,0.8712058663368225,10.822433122196554,9.836796875,9.05,False,True
-0.519,-1.14,five-field,9.706708176691729,9.2078125,0.8712058663368225,10.822433122196554,9.2078125,9.05,False,True
-0.519,-1.04,five-field,2.5793630198428503,10.524140625,0.8712058663368225,10.822433122196554,10.524140625,9.05,False,True
-0.519,-0.94,five-field,2.630783796310425,12.365703125,1.3645356893539429,16.950753905017923,16.950753905017923,4.4,False,True
-0.419,-1.44,five-field,6.3203125,6.7437499999999995,0.5428850054740906,6.743913111479386,6.7437499999999995,inf,False,True
-0.419,-1.34,five-field,4.357235431671143,8.747421874999999,0.5428850054740906,6.743913111479386,8.747421874999999,inf,False,True
-0.419,-1.24,five-field,4.357235431671143,7.528359375,0.7452515363693237,9.257783060488494,7.528359375,inf,False,True
-0.419,-1.14,five-field,4.357235431671143,8.948437499999999,0.7452515363693237,9.257783060488494,8.948437499999999,inf,False,True
-0.419,-1.04,five-field,2.9870359897613525,9.959999999999999,0.7452515363693237,9.257783060488494,9.959999999999999,inf,False,True
-0.419,-0.94,five-field,2.630783796310425,12.2684375,0.9924999475479126,12.329191895005126,12.329191895005126,7.5,False,True
-0.319,-1.44,five-field,5.98046875,5.732187499999999,0.5428850054740906,6.743913111479386,5.732187499999999,inf,False,True
-0.319,-1.34,five-field,5.782243251800537,8.267578125,0.5428850054740906,6.743913111479386,8.267578125,inf,False,True
-0.319,-1.24,five-field,6.796192169189453,7.6515625,0.7452515363693237,9.257783060488494,7.6515625,inf,False,True
-0.319,-1.14,five-field,6.796192169189453,7.8071874999999995,0.7452515363693237,9.257783060488494,7.8071874999999995,inf,False,True
-0.319,-1.04,five-field,2.9870359897613525,9.091093749999999,0.7452515363693237,9.257783060488494,9.091093749999999,inf,False,True
-0.319,-0.94,five-field,2.9870359897613525,12.2684375,0.9924999475479126,12.329191895005126,12.329191895005126,7.5,False,True
-0.219,-1.34,five-field,2.466359853744507,6.4746484375,0.5240733623504639,6.51022810373247,6.4746484375,inf,False,True
-0.219,-1.24,five-field,6.796192169189453,7.865546875,0.6099328398704529,7.576805464229228,7.865546875,inf,False,True
-0.219,-1.14,five-field,3.42549991607666,8.3259375,0.6099328398704529,7.576805464229228,8.3259375,inf,False,True
-0.219,-1.04,five-field,3.42549991607666,9.538515624999999,0.6099328398704529,7.576805464229228,9.538515624999999,inf,False,True
-0.219,-0.24,GC field,2.8666442838826574,5.4663281249999995,2.2270429134368896,27.665129359464466,27.665129359464466,2.8,False,True
-0.219,-0.14,GC field,2.8666442838826574,8.766874999999999,2.2270429134368896,27.665129359464466,27.665129359464466,2.8,False,True
-0.219,-0.04,GC field,2.548572063446045,7.463515624999999,2.2270429134368896,27.665129359464466,27.665129359464466,2.8,False,True
-0.219,0.06,GC field,2.548572063446045,7.774765625,2.516752004623413,31.2640000574337,31.2640000574337,1.6500000000000001,False,True
-0.119,-1.44,five-field,4.43944787979126,6.4487109375,0.5240733623504639,6.51022810373247,6.4487109375,inf,False,True
-0.119,-1.34,five-field,4.43944787979126,6.5459765625,0.5240733623504639,6.51022810373247,6.5459765625,inf,False,True
-0.119,-1.24,five-field,4.43944787979126,6.296328125,0.6099328398704529,7.576805464229228,6.296328125,inf,False,True
-0.119,-1.14,five-field,3.42549991607666,7.826640625,0.6099328398704529,7.576805464229228,7.826640625,inf,False,True
-0.119,-1.04,five-field,3.42549991607666,9.084609375,0.6099328398704529,7.576805464229228,9.084609375,inf,False,True
-0.119,-0.94,five-field,3.3706917762756348,10.102656249999999,0.9119212627410889,11.328214443988681,10.102656249999999,9.000000000000002,False,True
-0.119,-0.34,GC field,2.438955783843994,7.171718749999999,1.9559999704360962,24.29813627870927,24.29813627870927,3.05,False,True
-0.119,-0.24,GC field,2.8774197101593018,7.5542968749999995,2.2270429134368896,27.665129359464466,27.665129359464466,2.8,False,True
-0.119,-0.14,GC field,2.548572063446045,5.440390625,2.2270429134368896,27.665129359464466,27.665129359464466,2.8,False,True
-0.119,-0.04,GC field,2.548572063446045,6.2671484374999995,2.2270429134368896,27.665129359464466,27.665129359464466,2.8,False,True
-0.119,0.06,GC field,2.548572063446045,6.4227734375,2.516752004623413,31.2640000574337,31.2640000574337,1.6500000000000001,False,True
-0.019,-1.44,five-field,5.593802731736262,5.2491015625,0.5240733623504639,6.51022810373247,5.2491015625,inf,False,True
-0.019,-1.34,five-field,5.593802731736262,6.140703125,0.5240733623504639,6.51022810373247,6.140703125,inf,False,True
-0.019,-1.24,five-field,4.631275653839111,6.3319921875,0.6099328398704529,7.576805464229228,6.3319921875,inf,False,True
-0.019,-1.14,five-field,2.8155303592968703,7.450546875,0.6099328398704529,7.576805464229228,7.450546875,inf,False,True
-0.019,-1.04,five-field,2.222496427091441,9.564453125,0.6099328398704529,7.576805464229228,9.564453125,inf,False,True
-0.019,-0.94,five-field,2.719770017423128,11.107734375,0.9119212627410889,11.328214443988681,11.107734375,9.000000000000002,False,True
-0.019,-0.34,GC field,1.9182798862457275,8.70203125,1.9559999704360962,24.29813627870927,24.29813627870927,3.05,False,True
-0.019,-0.24,GC field,2.8774197101593018,5.570078124999999,2.2270429134368896,27.665129359464466,27.665129359464466,2.8,False,True
-0.019,-0.14,GC field,2.8774197101593018,6.5265234375,2.2270429134368896,27.665129359464466,27.665129359464466,2.8,False,True
-0.019,-0.04,GC field,2.548572063446045,5.596015625,2.2270429134368896,27.665129359464466,27.665129359464466,2.8,False,True
-0.019,0.06,GC field,2.548572063446045,4.91515625,2.516752004623413,31.2640000574337,31.2640000574337,1.6500000000000001,False,True
-0.019,0.16,GC field,2.630783796310425,7.4829687499999995,2.516752004623413,31.2640000574337,31.2640000574337,1.6500000000000001,False,False
0.081,-1.44,five-field,5.593802731736262,4.480703125,0.46700000762939453,5.801242330799932,4.480703125,inf,False,True
0.081,-1.34,five-field,5.593802731736262,6.4033203125,0.46700000762939453,5.801242330799932,6.4033203125,inf,False,True
0.081,-1.24,five-field,5.891859531402588,6.481132812499999,0.571017861366272,7.0933895821897135,6.481132812499999,inf,False,True
0.081,-1.14,five-field,2.8155303592968703,7.1328125,0.571017861366272,7.0933895821897135,7.1328125,inf,False,True
0.081,-1.04,five-field,2.771191032309281,9.6228125,0.571017861366272,7.0933895821897135,9.6228125,inf,False,True
0.081,-0.94,five-field,2.771191032309281,12.339765625,0.8658999800682068,10.756521491530519,12.339765625,9.450000000000001,False,True
0.081,-0.34,GC field,1.9182798862457275,7.268984375,2.165118455886841,26.895881439588084,26.895881439588084,2.8,False,True
0.081,-0.24,GC field,2.8774197101593018,9.266171875,2.5985641479492188,32.28029997452445,32.28029997452445,1.9000000000000001,False,True
0.081,-0.14,GC field,2.8774197101593018,7.619140625,2.5985641479492188,32.28029997452445,32.28029997452445,1.9000000000000001,False,False
0.081,-0.04,GC field,2.7403998374938965,6.516796875,2.5985641479492188,32.28029997452445,32.28029997452445,1.9000000000000001,False,False
0.081,0.06,GC field,2.7403998374938965,6.633515624999999,2.7951622009277344,34.72251181276689,34.72251181276689,1.4000000000000001,False,False
0.081,0.16,GC field,2.630783796310425,6.16015625,2.7951622009277344,34.72251181276689,34.72251181276689,1.4000000000000001,False,False
0.181,-1.34,five-field,2.795207977294922,6.7696875,0.46700000762939453,5.801242330799932,6.7696875,inf,False,True
0.181,-1.24,five-field,2.795207977294922,6.970703125,0.571017861366272,7.0933895821897135,6.970703125,inf,False,True
0.181,-1.14,five-field,5.891859531402588,7.813671875,0.571017861366272,7.0933895821897135,7.813671875,inf,False,True
0.181,-1.04,five-field,5.891859531402588,9.06515625,0.571017861366272,7.0933895821897135,9.06515625,inf,False,True
0.181,-0.34,GC field,1.9182798862457275,9.68765625,2.165118455886841,26.895881439588084,26.895881439588084,2.8,False,True
0.181,-0.24,GC field,3.041844129562378,10.407421874999999,2.5985641479492188,32.28029997452445,32.28029997452445,1.9000000000000001,False,False
0.181,-0.14,GC field,2.7403998374938965,6.3773828125,2.5985641479492188,32.28029997452445,32.28029997452445,1.9000000000000001,False,True
0.181,-0.04,GC field,2.8226118087768555,6.886406249999999,2.5985641479492188,32.28029997452445,32.28029997452445,1.9000000000000001,False,False
0.181,0.06,GC field,2.8226118087768555,7.949843749999999,2.7951622009277344,34.72251181276689,34.72251181276689,1.4000000000000001,False,False
0.281,-1.44,five-field,5.590415954589844,5.1258984375,0.4562027156352997,5.667114479941611,5.1258984375,inf,False,True
0.281,-1.34,five-field,4.960123538970947,6.7632031249999995,0.4562027156352997,5.667114479941611,6.7632031249999995,inf,False,True
0.281,-1.24,five-field,5.621206563218196,6.604335937499999,0.634850263595581,7.886338678205975,6.604335937499999,inf,False,True
0.281,-1.14,five-field,2.274531841278076,7.658046874999999,0.634850263595581,7.886338678205975,7.658046874999999,inf,False,True
0.281,-1.04,five-field,2.274531841278076,11.179062499999999,0.634850263595581,7.886338678205975,11.179062499999999,inf,False,True
0.281,-0.94,five-field,2.0827040672302246,12.469453125,0.8666451573371887,10.765778352014767,12.469453125,9.15,False,True
0.281,-0.14,GC field,3.507711887359619,8.488046875,2.557374954223633,31.768632971722145,31.768632971722145,2.6,False,True
0.281,-0.04,GC field,3.343287944793701,10.25828125,2.557374954223633,31.768632971722145,31.768632971722145,2.6,False,True
0.381,-1.44,five-field,4.932719707489014,4.921640624999999,0.4562027156352997,5.667114479941611,4.921640624999999,inf,False,True
0.381,-1.34,five-field,4.960123538970947,5.022148437499999,0.4562027156352997,5.667114479941611,5.022148437499999,inf,False,True
0.381,-1.24,five-field,5.124547958374023,7.87203125,0.634850263595581,7.886338678205975,7.87203125,inf,False,True
0.381,-1.14,five-field,2.274531841278076,8.825234374999999,0.634850263595581,7.886338678205975,8.825234374999999,inf,False,True
0.381,-1.04,five-field,2.274531841278076,9.369921875,0.634850263595581,7.886338678205975,9.369921875,inf,False,True
0.381,-0.94,five-field,2.0827040672302246,9.03921875,0.8666451573371887,10.765778352014767,9.03921875,9.15,False,True
0.481,-1.44,five-field,4.5524506784023195,6.80859375,0.4562027156352997,5.667114479941611,6.80859375,inf,False,True
0.481,-1.34,five-field,5.124547958374023,5.9429296874999995,0.4562027156352997,5.667114479941611,5.9429296874999995,inf,False,True
0.481,-1.24,five-field,6.138495922088623,7.210624999999999,0.634850263595581,7.886338678205975,7.210624999999999,inf,False,True
0.481,-1.14,five-field,2.205868131236026,8.19625,0.634850263595581,7.886338678205975,8.19625,inf,False,True
0.481,-1.04,five-field,2.205868131236026,9.097578125,0.634850263595581,7.886338678205975,9.097578125,inf,False,True
0.481,-0.94,five-field,2.0827040672302246,11.029921875,0.8666451573371887,10.765778352014767,11.029921875,9.15,False,True
0.581,-1.34,five-field,5.014931678771973,5.5668359375,0.4234444499015808,5.260179501882991,5.5668359375,inf,False,True
0.581,-1.24,five-field,6.138495922088623,6.5978515625,0.5873708128929138,7.296531837179053,6.5978515625,inf,False,True
0.581,-1.14,five-field,3.1539325732037535,7.78125,0.5873708128929138,7.296531837179053,7.78125,inf,False,True
0.581,-1.04,five-field,3.1539325732037535,8.93546875,0.5873708128929138,7.296531837179053,8.93546875,inf,False,True
0.681,-1.44,five-field,4.083195686340332,4.5033984375,0.4234444499015808,5.260179501882991,4.5033984375,inf,False,True
0.681,-1.34,five-field,5.425991535186768,5.9915625,0.4234444499015808,5.260179501882991,5.9915625,inf,False,True
0.681,-1.24,five-field,4.7957000732421875,6.1828515625,0.5873708128929138,7.296531837179053,6.1828515625,inf,False,True
0.681,-1.14,five-field,4.7957000732421875,6.659453125,0.5873708128929138,7.296531837179053,6.659453125,inf,False,True
0.681,-1.04,five-field,1.9216670756949519,7.982265624999999,0.5873708128929138,7.296531837179053,7.982265624999999,inf,False,True
0.681,-0.94,five-field,1.9216670756949519,8.8446875,0.8689014315605164,10.793806603236227,8.8446875,9.250000000000002,False,True
0.781,-1.44,five-field,4.823103904724121,4.769257812499999,0.37127789855003357,4.612147808074951,4.769257812499999,inf,False,True
0.781,-1.34,five-field,5.511590979153052,5.219921875,0.37127789855003357,4.612147808074951,5.219921875,inf,False,True
0.781,-1.24,five-field,4.7957000732421875,6.156914062499999,0.5154587030410767,6.403213702373623,6.156914062499999,inf,False,True
0.781,-1.14,five-field,5.0423359870910645,5.87484375,0.5154587030410767,6.403213702373623,5.87484375,inf,False,True
0.781,-1.04,five-field,1.9216670756949519,8.526953125,0.5154587030410767,6.403213702373623,8.526953125,inf,False,True
0.781,-0.94,five-field,1.9216670756949519,8.0925,0.7197272777557373,8.940711524915992,8.0925,inf,False,True
0.881,-1.44,five-field,4.658679962158203,4.57796875,0.37127789855003357,4.612147808074951,4.57796875,inf,False,True
0.881,-1.34,five-field,5.151951789855957,5.8975390625,0.37127789855003357,4.612147808074951,5.8975390625,inf,False,True
0.881,-1.24,five-field,5.480799674987793,5.842421874999999,0.5154587030410767,6.403213702373623,5.842421874999999,inf,False,True
0.881,-1.14,five-field,5.0423359870910645,6.542734374999999,0.5154587030410767,6.403213702373623,6.542734374999999,inf,False,True
0.881,-1.04,five-field,5.0423359870910645,8.993828125,0.5154587030410767,6.403213702373623,8.993828125,inf,False,True
0.881,-0.94,five-field,2.1649158000946045,8.604765624999999,0.7197272777557373,8.940711524915992,8.604765624999999,inf,False,True
0.981,-1.44,five-field,4.360622904354468,4.7173828124999995,0.37127789855003357,4.612147808074951,4.7173828124999995,inf,False,True
0.981,-1.34,five-field,4.908702871853247,4.931367187499999,0.37127789855003357,4.612147808074951,4.931367187499999,inf,False,True
0.981,-1.24,five-field,5.511590979153052,6.571914062499999,0.5154587030410767,6.403213702373623,6.571914062499999,inf,False,True
0.981,-1.14,five-field,1.836067795753479,6.698359375,0.5154587030410767,6.403213702373623,6.698359375,inf,False,True
0.981,-1.04,five-field,5.470331339011515,7.852578125,0.5154587030410767,6.403213702373623,7.852578125,inf,False,True
1.081,-1.44,five-field,4.000983715057373,3.663671875,0.34299999475479126,4.260869500059519,3.663671875,inf,False,True
1.081,-1.34,five-field,4.71348762512207,5.1258984375,0.34299999475479126,4.260869500059519,5.1258984375,inf,False,True
1.081,-1.24,five-field,5.343779563903809,6.088828125,0.5157975554466248,6.407423049026394,6.088828125,inf,False,True
1.081,-1.14,five-field,6.028879642486572,6.4227734375,0.5157975554466248,6.407423049026394,6.4227734375,inf,False,True
1.081,-1.04,five-field,6.54955530166626,8.28703125,0.5157975554466248,6.407423049026394,8.28703125,inf,False,True
1.081,-0.94,five-field,6.54955530166626,7.50890625,0.6427134275436401,7.984017733461368,7.50890625,inf,False,True
1.181,-1.44,five-field,4.823103904724121,4.9183984375,0.34299999475479126,4.260869500059519,4.9183984375,inf,False,True
1.181,-1.34,five-field,5.0423359870910645,5.92671875,0.34299999475479126,4.260869500059519,5.92671875,inf,False,True
1.181,-1.24,five-field,5.069739818572998,5.894296874999999,0.5157975554466248,6.407423049026394,5.894296874999999,inf,False,True
1.181,-1.14,five-field,5.700031757354736,6.1828515625,0.5157975554466248,6.407423049026394,6.1828515625,inf,False,True
1.181,-1.04,five-field,5.700031757354736,6.481132812499999,0.5157975554466248,6.407423049026394,6.481132812499999,inf,False,True
1.181,-0.94,five-field,6.138495922088623,6.3125390625,0.6427134275436401,7.984017733461368,6.3125390625,inf,False,True
1.281,-1.44,five-field,4.275023937225342,4.4969140625,0.36800000071525574,4.571428580313736,4.4969140625,inf,False,True
1.281,-1.34,five-field,4.47023896525677,4.931367187499999,0.36800000071525574,4.571428580313736,4.931367187499999,inf,False,True
1.281,-1.24,five-field,4.384639263153076,5.0610546874999995,0.46700000762939453,5.801242330799932,5.0610546874999995,inf,False,True
1.281,-1.14,five-field,5.700031757354736,6.0434375,0.46700000762939453,5.801242330799932,6.0434375,inf,False,True
1.281,-1.04,five-field,5.700031757354736,6.5265234375,0.46700000762939453,5.801242330799932,6.5265234375,inf,False,True
1.281,-0.94,five-field,6.138495922088623,8.124921875,0.5646250247955322,7.013975463298537,8.124921875,inf,False,True
1.381,-1.44,five-field,4.549063682556152,4.675234375,0.36800000071525574,4.571428580313736,4.675234375,inf,False,True
1.381,-1.34,five-field,4.110599994659424,4.480703125,0.36800000071525574,4.571428580313736,4.480703125,inf,False,True
1.381,-1.24,five-field,4.384639263153076,5.356093749999999,0.46700000762939453,5.801242330799932,5.356093749999999,inf,False,True
1.381,-1.14,five-field,4.384639263153076,5.343125,0.46700000762939453,5.801242330799932,5.343125,inf,False,True
1.381,-1.04,five-field,2.9870359897613525,5.647890625,0.46700000762939453,5.801242330799932,5.647890625,inf,False,True
1.481,-1.34,five-field,5.151951789855957,5.813242187499999,0.36800000071525574,4.571428580313736,5.813242187499999,inf,False,True
1.481,-1.24,five-field,5.151951789855957,5.6187109374999995,0.46700000762939453,5.801242330799932,5.6187109374999995,inf,False,True
1.481,-1.14,five-field,6.443326534185195,6.1050390624999995,0.46700000762939453,5.801242330799932,6.1050390624999995,inf,False,True
