l,b,ejk,n_nodes
-3.919,-5.34,0.16,1681
-3.919,-5.14,0.198,1681
-3.919,-4.94,0.22,1681
-3.919,-4.74,0.219,2993
-3.919,-4.54,0.189,1640
-3.919,-4.34,0.178,1640
-3.919,-4.14,0.225,1640
-3.919,-3.94,0.283,1640
-3.919,-3.74,0.377,2584
-3.919,-3.54,0.365,1640
-3.919,-3.34,0.374,1681
-3.919,-3.14,0.461,1681
-3.919,-2.94,0.722,1681
-3.919,-2.74,0.747,1681
-3.919,-2.54,0.495,2747
-3.919,-2.34,0.502,1681
-3.919,-2.14,0.617,1681
-3.919,-1.94,0.889,1681
-3.919,-1.74,1.137,1681
-3.919,-1.54,1.1,2911
-3.919,-1.34,1.014,1681
-3.919,-1.14,1.167,1681
-3.919,-0.94,1.42,1681
-3.919,-0.74,1.91,1681
-3.919,-0.54,1.9,1681
-3.919,-0.34,1.656,2501
-3.919,-0.14,2.335,1681
-3.919,0.06,2.704,1681
-3.919,0.26,3.263,1681
-3.719,-5.34,0.145,1681
-3.719,-5.14,0.192,1681
-3.719,-4.94,0.199,1681
-3.719,-4.74,0.187,3034
-3.719,-4.54,0.237,1681
-3.719,-4.34,0.227,1681
-3.719,-4.14,0.287,1681
-3.719,-3.94,0.412,1681
-3.719,-3.74,0.388,2624
-3.719,-3.54,0.413,1640
-3.719,-3.34,0.823,1681
-3.719,-3.14,0.447,1681
-3.719,-2.94,0.462,1681
-3.719,-2.74,0.469,1681
-3.719,-2.54,0.565,2747
-3.719,-2.34,0.829,1681
-3.719,-2.14,0.729,1681
-3.719,-1.94,0.741,1681
-3.719,-1.74,0.92,1681
-3.719,-1.54,0.851,2911
-3.719,-1.34,0.911,1681
-3.719,-1.14,0.952,1681
-3.719,-0.94,1.211,1681
-3.719,-0.74,1.495,1681
-3.719,-0.54,2.116,1681
-3.719,-0.34,2.208,2501
-3.719,-0.14,2.396,1681
-3.719,0.06,3.369,1681
-3.719,0.26,3.943,1681
-3.519,-5.34,0.162,1640
-3.519,-5.14,0.205,1640
-3.519,-4.94,0.185,1640
-3.519,-4.74,0.186,3001
-3.519,-4.54,0.234,1681
-3.519,-4.34,0.244,1681
-3.519,-4.14,0.336,1681
-3.519,-3.94,0.422,1681
-3.519,-3.74,0.439,2624
-3.519,-3.54,0.634,1640
-3.519,-3.34,0.412,1681
-3.519,-3.14,0.421,1681
-3.519,-2.94,0.468,1681
-3.519,-2.74,0.462,1681
-3.519,-2.54,0.638,2747
-3.519,-2.34,0.712,1681
-3.519,-2.14,0.725,1681
-3.519,-1.94,0.736,1681
-3.519,-1.74,1.081,1681
-3.519,-1.54,0.99,2911
-3.519,-1.34,1.16,1681
-3.519,-1.14,1.096,1681
-3.519,-0.94,1.469,1681
-3.519,-0.74,1.441,1681
-3.519,-0.54,2.07,1681
-3.519,-0.34,1.737,2501
-3.519,-0.14,2.609,1681
-3.519,0.06,4.434,1681
-3.519,0.26,4.037,1681
-3.319,-5.34,0.175,1681
-3.319,-5.14,0.17,1681
-3.319,-4.94,0.202,1681
-3.319,-4.74,0.206,2993
-3.319,-4.54,0.226,1640
-3.319,-4.34,0.229,1640
-3.319,-4.14,0.279,1640
-3.319,-3.94,0.36,1640
-3.319,-3.74,0.482,2584
-3.319,-3.54,0.522,1640
-3.319,-3.34,0.418,1681
-3.319,-3.14,0.45,1681
-3.319,-2.94,0.484,1681
-3.319,-2.74,0.565,1681
-3.319,-2.54,0.706,2706
-3.319,-2.34,1.018,1640
-3.319,-2.14,0.9045000000000001,1640
-3.319,-1.94,1.21,1640
-3.319,-1.74,1.3595000000000002,1640
-3.319,-1.54,1.233,2870
-3.319,-1.34,1.484,1681
-3.319,-1.14,1.236,1681
-3.319,-0.94,1.309,1681
-3.319,-0.74,1.615,1681
-3.319,-0.54,2.039,1681
-3.319,-0.34,2.006,2501
-3.319,-0.14,2.697,1681
-3.319,0.06,3.506,1681
-3.319,0.26,3.092,1681
-3.119,-5.34,0.215,1681
-3.119,-5.14,0.214,1681
-3.119,-4.94,0.199,1681
-3.119,-4.74,0.18,2993
-3.119,-4.54,0.226,1640
-3.119,-4.34,0.265,1640
-3.119,-4.14,0.326,1640
-3.119,-3.94,0.349,1640
-3.119,-3.74,0.401,2560
-3.119,-3.54,0.383,1600
-3.119,-3.34,0.392,1640
-3.119,-3.14,0.454,1640
-3.119,-2.94,0.53,1640
-3.119,-2.74,0.578,1640
-3.119,-2.54,0.703,2721
-3.119,-2.34,1.044,1681
-3.119,-2.14,1.15,1681
-3.119,-1.94,1.225,1681
-3.119,-1.74,1.344,1681
-3.119,-1.54,1.61,2911
-3.119,-1.34,1.575,1681
-3.119,-1.14,1.692,1681
-3.119,-0.94,1.787,1681
-3.119,-0.74,1.658,1681
-3.119,-0.54,1.889,1681
-3.119,-0.34,2.23,2501
-3.119,-0.14,3.049,1681
-3.119,0.06,4.054,1681
-3.119,0.26,3.967,1681
-2.919,-5.34,0.201,1640
-2.919,-5.14,0.231,1640
-2.919,-4.94,0.25,1640
-2.919,-4.74,0.219,3001
-2.919,-4.54,0.253,1681
-2.919,-4.34,0.318,1681
-2.919,-4.14,0.317,1681
-2.919,-3.94,0.336,1681
-2.919,-3.74,0.405,2624
-2.919,-3.54,0.418,1640
-2.919,-3.34,0.414,1681
-2.919,-3.14,0.479,1681
-2.919,-2.94,0.519,1681
-2.919,-2.74,0.665,1681
-2.919,-2.54,0.7815000000000001,2706
-2.919,-2.34,0.856,1640
-2.919,-2.14,1.039,1640
-2.919,-1.94,1.3395000000000001,1640
-2.919,-1.74,1.601,1640
-2.919,-1.54,1.338,2870
-2.919,-1.34,1.64,1681
-2.919,-1.14,1.946,1681
-2.919,-0.94,2.422,1681
-2.919,-0.74,2.134,1681
-2.919,-0.54,2.112,1681
-2.919,-0.34,2.553,2460
-2.919,-0.14,2.6055,1640
-2.919,0.06,4.2925,1640
-2.919,0.26,3.903,1640
-2.719,-5.34,0.213,1927
-2.719,-5.14,0.22,1927
-2.719,-4.94,0.217,1927
-2.719,-4.74,0.264,3683
-2.719,-4.54,0.265,2132
-2.719,-4.34,0.277,2132
-2.719,-4.14,0.276,2143
-2.719,-3.94,0.3465,2132
-2.719,-3.74,0.376,3373
-2.719,-3.54,0.404,2174
-2.719,-3.34,0.448,2214
-2.719,-3.14,0.486,2214
-2.719,-2.94,0.537,2214
-2.719,-2.74,0.637,2214
-2.719,-2.54,0.768,3700
-2.719,-2.34,0.958,2279
-2.719,-2.14,1.213,2296
-2.719,-1.94,1.4685000000000001,2296
-2.719,-1.74,1.33,2296
-2.719,-1.54,1.572,3929
-2.719,-1.34,1.699,2255
-2.719,-1.14,1.941,2255
-2.719,-0.94,3.297,2255
-2.719,-0.74,2.666,2255
-2.719,-0.54,2.547,2255
-2.719,-0.34,2.704,3355
-2.719,-0.14,3.129,2255
-2.719,0.06,4.002,2255
-2.719,0.26,3.129,2255
-2.519,-5.34,0.271,1681
-2.519,-5.14,0.221,1681
-2.519,-4.94,0.24,1681
-2.519,-4.74,0.289,2993
-2.519,-4.54,0.323,1640
-2.519,-4.34,0.288,1640
-2.519,-4.14,0.304,1680
-2.519,-3.94,0.355,1640
-2.519,-3.74,0.374,2560
-2.519,-3.54,0.386,1640
-2.519,-3.34,0.411,1640
-2.519,-3.14,0.435,1640
-2.519,-2.94,0.532,1640
-2.519,-2.74,1.075,1640
-2.519,-2.54,0.859,2721
-2.519,-2.34,1.199,1640
-2.519,-2.14,1.381,1681
-2.519,-1.94,1.686,1681
-2.519,-1.74,1.635,1681
-2.519,-1.54,1.589,2870
-2.519,-1.34,1.582,1681
-2.519,-1.14,1.936,1681
-2.519,-0.94,1.944,1681
-2.519,-0.74,2.24,1681
-2.519,-0.54,3.129,1681
-2.519,-0.34,3.897,2501
-2.519,-0.14,2.686,1681
-2.519,0.06,3.521,1681
-2.519,0.26,2.686,1681
-2.319,-5.34,0.203,1681
-2.319,-5.14,0.28,1681
-2.319,-4.94,0.312,1681
-2.319,-4.74,0.385,3034
-2.319,-4.54,0.394,1681
-2.319,-4.34,0.277,1681
-2.319,-4.14,0.306,1722
-2.319,-3.94,0.355,1681
-2.319,-3.74,0.326,2624
-2.319,-3.54,0.371,1681
-2.319,-3.34,0.438,1681
-2.319,-3.14,0.389,1681
-2.319,-2.94,0.564,1681
-2.319,-2.74,0.783,1681
-2.319,-2.54,1.018,2747
-2.319,-2.34,1.179,1640
-2.319,-2.14,1.612,1681
-2.319,-1.94,1.652,1681
-2.319,-1.74,2.011,1681
-2.319,-1.54,1.58,2841
-2.319,-1.34,1.61,1640
-2.319,-1.14,1.82,1640
-2.319,-0.94,2.142,1640
-2.319,-0.74,2.298,1640
-2.319,-0.54,2.487,1640
-2.319,-0.34,3.176,2481
-2.319,-0.14,3.763,1681
-2.319,0.06,3.6,1681
-2.319,0.26,2.668,1681
-2.119,-5.34,0.238,1640
-2.119,-5.14,0.3355,1640
-2.119,-4.94,0.284,1640
-2.119,-4.74,0.316,3001
-2.119,-4.54,0.339,1681
-2.119,-4.34,0.338,1681
-2.119,-4.14,0.308,1722
-2.119,-3.94,0.401,1681
-2.119,-3.74,0.349,2624
-2.119,-3.54,0.362,1681
-2.119,-3.34,0.383,1681
-2.119,-3.14,0.455,1681
-2.119,-2.94,0.559,1681
-2.119,-2.74,0.62,1681
-2.119,-2.54,1.008,2747
-2.119,-2.34,1.13,1640
-2.119,-2.14,1.938,1681
-2.119,-1.94,2.096,1681
-2.119,-1.74,1.88,1681
-2.119,-1.54,1.439,2870
-2.119,-1.34,1.307,1681
-2.119,-1.14,2.205,1681
-2.119,-0.94,2.574,1681
-2.119,-0.74,2.207,1681
-2.119,-0.54,2.545,1681
-2.119,-0.34,3.701,2501
-2.119,-0.14,3.483,1681
-2.119,0.06,4.238,1681
-2.119,0.26,2.654,1681
-1.919,-5.34,0.258,1681
-1.919,-5.14,0.385,1681
-1.919,-4.94,0.274,1681
-1.919,-4.74,0.286,3034
-1.919,-4.54,0.319,1681
-1.919,-4.34,0.303,1681
-1.919,-4.14,0.33,1722
-1.919,-3.94,0.343,1681
-1.919,-3.74,0.453,2624
-1.919,-3.54,0.441,1681
-1.919,-3.34,0.438,1681
-1.919,-3.14,0.485,1681
-1.919,-2.94,0.502,1681
-1.919,-2.74,0.559,1681
-1.919,-2.54,0.726,2747
-1.919,-2.34,1.5885,1640
-1.919,-2.14,1.657,1681
-1.919,-1.94,1.9,1681
-1.919,-1.74,1.657,1681
-1.919,-1.54,1.405,2870
-1.919,-1.34,1.451,1681
-1.919,-1.14,1.857,1681
-1.919,-0.94,2.503,1681
-1.919,-0.74,2.694,1681
-1.919,-0.54,3.667,1681
-1.919,-0.34,3.779,2501
-1.919,-0.14,3.926,1681
-1.919,0.06,3.439,1681
-1.919,0.26,2.416,1681
-1.719,-5.34,0.243,1681
-1.719,-5.14,0.251,1681
-1.719,-4.94,0.333,1681
-1.719,-4.74,0.23,3034
-1.719,-4.54,0.291,1681
-1.719,-4.34,0.264,1681
-1.719,-4.14,0.347,1722
-1.719,-3.94,0.322,1681
-1.719,-3.74,0.387,2624
-1.719,-3.54,0.438,1681
-1.719,-3.34,0.398,1681
-1.719,-3.14,0.465,1681
-1.719,-2.94,0.513,1681
-1.719,-2.74,0.564,1681
-1.719,-2.54,0.826,2747
-1.719,-2.34,1.059,1640
-1.719,-2.14,2.28,1681
-1.719,-1.94,2.274,1681
-1.719,-1.74,1.63,1681
-1.719,-1.54,1.514,2841
-1.719,-1.34,1.595,1640
-1.719,-1.14,1.7675,1640
-1.719,-0.94,2.344,1640
-1.719,-0.74,3.675,1640
-1.719,-0.54,3.6805000000000003,1640
-1.719,-0.34,3.187,2481
-1.719,-0.14,2.848,1681
-1.719,0.06,2.983,1681
-1.719,0.26,2.228,1681
-1.519,-5.34,0.274,1640
-1.519,-5.14,0.273,1640
-1.519,-4.94,0.234,1640
-1.519,-4.74,0.302,3001
-1.519,-4.54,0.333,1681
-1.519,-4.34,0.326,1681
-1.519,-4.14,0.331,1722
-1.519,-3.94,0.343,1681
-1.519,-3.74,0.36,2601
-1.519,-3.54,0.383,1640
-1.519,-3.34,0.384,1640
-1.519,-3.14,0.423,1640
-1.519,-2.94,0.485,1640
-1.519,-2.74,0.55,1640
-1.519,-2.54,0.722,2721
-1.519,-2.34,0.768,1640
-1.519,-2.14,1.057,1681
-1.519,-1.94,1.204,1681
-1.519,-1.74,1.243,1681
-1.519,-1.54,1.29,2870
-1.519,-1.34,1.346,1681
-1.519,-1.14,1.939,1681
-1.519,-0.94,2.235,1681
-1.519,-0.74,3.942,1681
-1.519,-0.54,4.439,1681
-1.519,-0.34,4.001,2501
-1.519,-0.14,2.662,1681
-1.519,0.06,2.848,1681
-1.519,0.26,1.973,1681
-1.319,-5.34,0.226,1681
-1.319,-5.14,0.193,1681
-1.319,-4.94,0.299,1681
-1.319,-4.74,0.28,3034
-1.319,-4.54,0.266,1681
-1.319,-4.34,0.366,1681
-1.319,-4.14,0.358,1722
-1.319,-3.94,0.338,1681
-1.319,-3.74,0.3945,2624
-1.319,-3.54,0.364,1681
-1.319,-3.34,0.363,1681
-1.319,-3.14,0.402,1681
-1.319,-2.94,0.46,1681
-1.319,-2.74,0.534,1681
-1.319,-2.54,0.588,2747
-1.319,-2.34,0.982,1640
-1.319,-2.14,0.784,1681
-1.319,-1.94,0.906,1681
-1.319,-1.74,0.875,1681
-1.319,-1.54,1.007,2870
-1.319,-1.34,1.368,1681
-1.319,-1.14,1.933,1681
-1.319,-0.94,2.346,1681
-1.319,-0.74,4.47,1681
-1.319,-0.54,3.482,1681
-1.319,-0.34,3.142,2501
-1.319,-0.14,3.487,1681
-1.319,0.06,3.125,1681
-1.319,0.26,2.457,1681
-1.119,-5.34,0.347,1681
-1.119,-5.14,0.221,1681
-1.119,-4.94,0.254,1681
-1.119,-4.74,0.28,3034
-1.119,-4.54,0.284,1681
-1.119,-4.34,0.301,1681
-1.119,-4.14,0.393,1681
-1.119,-3.94,0.387,1681
-1.119,-3.74,0.49,2706
-1.119,-3.54,0.388,1681
-1.119,-3.34,0.437,1681
-1.119,-3.14,0.406,1681
-1.119,-2.94,0.471,1681
-1.119,-2.74,0.541,1681
-1.119,-2.54,0.557,2747
-1.119,-2.34,0.571,1681
-1.119,-2.14,0.617,1681
-1.119,-1.94,0.778,1681
-1.119,-1.74,0.772,1681
-1.119,-1.54,0.945,2870
-1.119,-1.34,1.162,1681
-1.119,-1.14,1.834,1681
-1.119,-0.94,2.672,1681
-1.119,-0.74,3.765,1681
-1.119,-0.54,3.474,1681
-1.119,-0.34,3.543,2501
-1.119,-0.14,3.591,1681
-1.119,0.06,3.836,1681
-1.119,0.26,3.1895,1640
-0.919,-5.34,0.227,1681
-0.919,-5.14,0.222,1681
-0.919,-4.94,0.293,1681
-0.919,-4.74,0.226,3034
-0.919,-4.54,0.283,1681
-0.919,-4.34,0.302,1681
-0.919,-4.14,0.317,1681
-0.919,-3.94,0.453,1681
-0.919,-3.74,0.388,2706
-0.919,-3.54,0.443,1681
-0.919,-3.34,0.34,1681
-0.919,-3.14,0.423,1681
-0.919,-2.94,0.431,1681
-0.919,-2.74,0.493,1681
-0.919,-2.54,0.504,2747
-0.919,-2.34,0.441,1681
-0.919,-2.14,0.559,1681
-0.919,-1.94,0.586,1681
-0.919,-1.74,0.625,1681
-0.919,-1.54,0.793,2870
-0.919,-1.34,1.22,1681
-0.919,-1.14,2.348,1681
-0.919,-0.94,2.134,1681
-0.919,-0.74,2.552,1681
-0.919,-0.54,3.292,1681
-0.919,-0.34,3.0995,2460
-0.919,-0.14,4.21,1640
-0.919,0.06,4.05,1640
-0.919,0.26,3.159,1600
-0.919,0.46,2.739,1640
-0.919,0.66,2.832,3116
-0.919,0.86,1.699,1681
-0.919,1.06,1.21,1681
-0.919,1.26,0.975,1681
-0.919,1.46,0.884,1681
-0.919,1.66,0.797,1681
-0.919,1.86,0.761,2173
-0.919,2.06,0.748,1681
-0.919,2.26,0.831,1681
-0.919,2.46,0.661,1681
-0.919,2.66,0.602,1681
-0.719,-5.34,0.272,1681
-0.719,-5.14,0.316,1681
-0.719,-4.94,0.271,1681
-0.719,-4.74,0.298,3034
-0.719,-4.54,0.268,1681
-0.719,-4.34,0.321,1681
-0.719,-4.14,0.368,1681
-0.719,-3.94,0.421,1681
-0.719,-3.74,0.385,2706
-0.719,-3.54,0.485,1681
-0.719,-3.34,0.373,1681
-0.719,-3.14,0.397,1681
-0.719,-2.94,0.397,1681
-0.719,-2.74,0.441,1681
-0.719,-2.54,0.495,2747
-0.719,-2.34,0.545,1681
-0.719,-2.14,0.522,1681
-0.719,-1.94,0.915,1681
-0.719,-1.74,0.712,1681
-0.719,-1.54,0.934,2870
-0.719,-1.34,1.192,1681
-0.719,-1.14,1.66,1681
-0.719,-0.94,2.791,1681
-0.719,-0.74,3.61,1681
-0.719,-0.54,3.724,1681
-0.719,-0.34,4.017,2501
-0.719,-0.14,4.591,1681
-0.719,0.06,4.938,1681
-0.719,0.26,4.3605,1640
-0.719,0.46,3.93,1681
-0.719,0.66,3.471,3157
-0.719,0.86,1.826,1681
-0.719,1.06,1.412,1681
-0.719,1.26,1.039,1681
-0.719,1.46,0.964,1681
-0.719,1.66,0.776,1681
-0.719,1.86,0.842,2173
-0.719,2.06,0.895,1681
-0.719,2.26,0.817,1681
-0.719,2.46,0.723,1681
-0.719,2.66,0.689,1681
-0.619,-1.34,1.029,1681
-0.619,-1.24,1.199,1681
-0.619,-1.14,1.42,1681
-0.619,-1.04,1.812,1681
-0.519,-5.34,0.216,1681
-0.519,-5.14,0.266,1681
-0.519,-4.94,0.252,1681
-0.519,-4.74,0.2795,3034
-0.519,-4.54,0.272,1681
-0.519,-4.34,0.287,1681
-0.519,-4.14,0.312,1681
-0.519,-3.94,0.379,1681
-0.519,-3.74,0.422,2706
-0.519,-3.54,0.452,1681
-0.519,-3.34,0.337,1681
-0.519,-3.14,0.326,1681
-0.519,-2.94,0.349,1681
-0.519,-2.74,0.462,1681
-0.519,-2.54,0.481,2706
-0.519,-2.34,0.46,1640
-0.519,-2.14,0.5865,1640
-0.519,-1.94,0.574,1640
-0.519,-1.74,0.6194999999999999,1640
-0.519,-1.54,0.773,2829
-0.519,-1.44,0.851,2561
-0.519,-1.34,1.115,1681
-0.519,-1.24,1.256,1681
-0.519,-1.14,1.301,1681
-0.519,-1.04,1.457,1681
-0.519,-0.94,1.775,1681
-0.519,-0.84,1.837,1681
-0.519,-0.74,2.587,1681
-0.519,-0.54,3.367,1681
-0.519,-0.34,4.007,2460
-0.519,-0.14,4.544499999999999,1640
-0.519,0.06,4.637499999999999,1640
-0.519,0.26,3.8815,1600
-0.519,0.46,3.93,1640
-0.519,0.66,2.7729999999999997,3116
-0.519,0.86,1.692,1681
-0.519,1.06,1.428,1681
-0.519,1.26,1.203,1681
-0.519,1.46,0.912,1681
-0.519,1.66,0.86,1681
-0.519,1.86,1.066,2173
-0.519,2.06,1.023,1681
-0.519,2.26,0.841,1681
-0.519,2.46,0.749,1681
-0.519,2.66,0.699,1681
-0.419,-1.44,0.879,2583
-0.419,-1.34,1.125,1681
-0.419,-1.24,1.105,1681
-0.419,-1.14,1.231,1681
-0.419,-1.04,1.423,1681
-0.419,-0.94,1.826,1681
-0.319,-5.34,0.191,1640
-0.319,-5.14,0.209,1640
-0.319,-4.94,0.233,1640
-0.319,-4.74,0.296,3001
-0.319,-4.54,0.228,1681
-0.319,-4.34,0.303,1681
-0.319,-4.14,0.37,1681
-0.319,-3.94,0.349,1681
-0.319,-3.74,0.4,2682
-0.319,-3.54,0.457,1640
-0.319,-3.34,0.419,1640
-0.319,-3.14,0.376,1640
-0.319,-2.94,0.41,1640
-0.319,-2.74,0.458,1640
-0.319,-2.54,0.762,2721
-0.319,-2.34,0.413,1681
-0.319,-2.14,0.464,1681
-0.319,-1.94,0.487,1681
-0.319,-1.74,0.605,1681
-0.319,-1.54,0.781,2841
-0.319,-1.44,0.786,2542
-0.319,-1.34,0.875,1640
-0.319,-1.24,0.951,1640
-0.319,-1.14,1.044,1640
-0.319,-1.04,1.367,1640
-0.319,-0.94,1.7694999999999999,1640
-0.319,-0.84,2.134,1640
-0.319,-0.74,2.2895000000000003,1640
-0.319,-0.54,2.9395,1640
-0.319,-0.34,3.967,2481
-0.319,-0.14,3.999,1681
-0.319,0.06,3.916,1681
-0.319,0.26,3.2125000000000004,1640
-0.319,0.46,3.001,1681
-0.319,0.66,2.096,3157
-0.319,0.86,1.432,1681
-0.319,1.06,1.153,1681
-0.319,1.26,1.143,1681
-0.319,1.46,0.858,1681
-0.319,1.66,0.832,1681
-0.319,1.86,1.016,2173
-0.319,2.06,0.898,1681
-0.319,2.26,0.868,1681
-0.319,2.46,0.848,1681
-0.319,2.66,0.7,1681
-0.219,-1.34,0.833,1681
-0.219,-1.24,0.95,1681
-0.219,-1.14,1.03,1681
-0.219,-1.04,1.305,1681
-0.219,-0.24,3.268,1681
-0.219,-0.14,4.242,1681
-0.219,-0.04,4.344,1681
-0.219,0.06,4.076,1681
-0.119,-5.34,0.209,1640
-0.119,-5.14,0.222,1640
-0.119,-4.94,0.288,1640
-0.119,-4.74,0.324,3001
-0.119,-4.54,0.278,1681
-0.119,-4.34,0.258,1681
-0.119,-4.14,0.299,1681
-0.119,-3.94,0.367,1681
-0.119,-3.74,0.431,2706
-0.119,-3.54,0.436,1681
-0.119,-3.34,0.43,1681
-0.119,-3.14,0.518,1681
-0.119,-2.94,0.626,1681
-0.119,-2.74,0.618,1681
-0.119,-2.54,0.492,2747
-0.119,-2.34,0.444,1681
-0.119,-2.14,0.39,1681
-0.119,-1.94,0.461,1681
-0.119,-1.74,0.577,1681
-0.119,-1.54,0.717,2870
-0.119,-1.44,0.788,2583
-0.119,-1.34,0.773,1681
-0.119,-1.24,0.817,1681
-0.119,-1.14,0.96,1681
-0.119,-1.04,1.263,1681
-0.119,-0.94,1.464,1681
-0.119,-0.84,1.922,1681
-0.119,-0.74,2.221,1681
-0.119,-0.54,3.298,1681
-0.119,-0.34,3.536,2501
-0.119,-0.24,4.228,1681
-0.119,-0.14,4.4,1681
-0.119,-0.04,4.507,1681
-0.119,0.06,4.263,1681
-0.119,0.16,4.679,1681
-0.119,0.26,3.575,1640
-0.119,0.46,3.638,1681
-0.119,0.66,2.407,3157
-0.119,0.86,1.349,1681
-0.119,1.06,1.123,1681
-0.119,1.26,1.055,1681
-0.119,1.46,0.72,1681
-0.119,1.66,0.711,1681
-0.119,1.86,0.784,2173
-0.119,2.06,0.957,1681
-0.119,2.26,0.943,1681
-0.119,2.46,0.796,1681
-0.119,2.66,0.662,1681
-0.019,-1.44,0.759,2583
-0.019,-1.34,0.813,1681
-0.019,-1.24,0.831,1681
-0.019,-1.14,0.984,1681
-0.019,-1.04,1.375,1681
-0.019,-0.94,1.531,1681
-0.019,-0.34,3.692,2460
-0.019,-0.24,4.195,1640
-0.019,-0.14,4.4965,1640
-0.019,-0.04,4.4665,1640
-0.019,0.06,4.816000000000001,1640
-0.019,0.16,4.5095,1640
0.081,-5.34,0.231,1640
0.081,-5.14,0.233,1640
0.081,-4.94,0.25,1640
0.081,-4.74,0.366,3001
0.081,-4.54,0.388,1681
0.081,-4.34,0.365,1681
0.081,-4.14,0.34,1681
0.081,-3.94,0.338,1681
0.081,-3.74,0.366,2682
0.081,-3.54,0.327,1640
0.081,-3.34,0.447,1640
0.081,-3.14,0.564,1640
0.081,-2.94,0.459,1640
0.081,-2.74,0.405,1640
0.081,-2.54,0.403,2680
0.081,-2.34,0.341,1640
0.081,-2.14,0.398,1640
0.081,-1.94,0.398,1640
0.081,-1.74,0.475,1640
0.081,-1.54,0.598,2829
0.081,-1.44,0.593,2561
0.081,-1.34,0.738,1681
0.081,-1.24,0.849,1681
0.081,-1.14,0.91,1681
0.081,-1.04,1.22,1681
0.081,-0.94,1.623,1681
0.081,-0.84,1.913,1681
0.081,-0.74,3.243,1681
0.081,-0.54,3.11,1681
0.081,-0.34,3.505,2501
0.081,-0.24,4.455,1681
0.081,-0.14,4.565,1681
0.081,-0.04,4.476,1681
0.081,0.06,4.717,1681
0.081,0.16,4.258,1681
0.081,0.26,4.0695,1640
0.081,0.46,2.884,1681
0.081,0.66,2.297,3157
0.081,0.86,1.447,1681
0.081,1.06,1.063,1681
0.081,1.26,0.979,1681
0.081,1.46,0.879,1681
0.081,1.66,0.704,1681
0.081,1.86,0.751,2132
0.081,2.06,0.812,1640
0.081,2.26,0.995,1640
0.081,2.46,0.735,1640
0.081,2.66,0.636,1640
0.181,-1.34,0.888,2091
0.181,-1.24,0.913,2101
0.181,-1.14,0.975,2091
0.181,-1.04,1.255,2091
0.181,-0.34,3.778,3091
0.181,-0.24,4.477,2091
0.181,-0.14,4.426,2091
0.181,-0.04,4.493,2091
0.181,0.06,3.964,2091
0.181,0.16,3.256,2091
0.281,-5.34,0.208,2337
0.281,-5.14,0.221,2337
0.281,-4.94,0.252,2337
0.281,-4.74,0.34,4099
0.281,-4.54,0.45,2255
0.281,-4.34,0.443,2255
0.281,-4.14,0.395,2255
0.281,-3.94,0.333,2255
0.281,-3.74,0.307,3428
0.281,-3.54,0.265,2050
0.281,-3.34,0.379,2050
0.281,-3.14,0.377,2050
0.281,-2.94,0.443,2050
0.281,-2.74,0.343,2050
0.281,-2.54,0.383,3145
0.281,-2.34,0.336,1845
0.281,-2.14,0.337,1845
0.281,-1.94,0.398,1845
0.281,-1.74,0.507,1845
0.281,-1.54,0.7,3150
0.281,-1.44,0.722,2835
0.281,-1.34,0.885,1845
0.281,-1.24,0.976,1886
0.281,-1.14,1.097,1845
0.281,-1.04,1.489,1845
0.281,-0.94,1.898,1845
0.281,-0.84,1.895,1845
0.281,-0.74,1.978,1845
0.281,-0.54,3.704,1845
0.281,-0.34,4.302,2663
0.281,-0.14,4.369,1845
0.281,-0.04,4.52,1845
0.281,0.06,3.955,1845
0.281,0.26,3.184,1841
0.281,0.46,2.548,1845
0.281,0.66,1.685,3388
0.281,0.86,1.295,1804
0.281,1.06,1.113,1804
0.281,1.26,0.933,1804
0.281,1.46,0.886,1804
0.281,1.66,0.795,1804
0.281,1.86,0.769,2497
0.281,2.06,0.779,1968
0.281,2.26,0.9455,1968
0.281,2.46,0.7,1968
0.281,2.66,0.627,1968
0.381,-1.44,0.696,2583
0.381,-1.34,0.761,1681
0.381,-1.24,0.986,1722
0.381,-1.14,1.07,1681
0.381,-1.04,1.361,1681
0.381,-0.94,1.683,1681
0.381,-0.14,4.495,1681
0.481,-5.34,0.188,1681
0.481,-5.14,0.215,1681
0.481,-4.94,0.262,1681
0.481,-4.74,0.289,2952
0.481,-4.54,0.297,1640
0.481,-4.34,0.274,1640
0.481,-4.14,0.399,1640
0.481,-3.94,0.274,1640
0.481,-3.74,0.268,2583
0.481,-3.54,0.236,1681
0.481,-3.34,0.294,1681
0.481,-3.14,0.317,1681
0.481,-2.94,0.329,1681
0.481,-2.74,0.448,1681
0.481,-2.54,0.456,2747
0.481,-2.34,0.388,1681
0.481,-2.14,0.354,1681
0.481,-1.94,0.434,1681
0.481,-1.74,0.54,1681
0.481,-1.54,0.708,2870
0.481,-1.44,0.761,2583
0.481,-1.34,0.776,1681
0.481,-1.24,0.961,1722
0.481,-1.14,1.014,1681
0.481,-1.04,1.261,1681
0.481,-0.94,1.812,1681
0.481,-0.84,2.89,1681
0.481,-0.74,3.209,1681
0.481,-0.54,3.102,1681
0.481,-0.34,4.052,2419
0.481,-0.14,4.47,1681
0.481,0.06,3.636,1681
0.481,0.26,3.337,1681
0.481,0.46,2.136,1681
0.481,0.66,1.914,3116
0.481,0.86,1.695,1681
0.481,1.06,1.25,1681
0.481,1.26,1.066,1681
0.481,1.46,0.806,1681
0.481,1.66,0.883,1681
0.481,1.86,0.707,2173
0.481,2.06,0.594,1681
0.481,2.26,0.777,1681
0.481,2.46,0.717,1681
0.481,2.66,0.63,1681
0.581,-1.34,0.752,1681
0.581,-1.24,0.874,1722
0.581,-1.14,1.084,1681
0.581,-1.04,1.287,1681
0.681,-5.34,0.193,1640
0.681,-5.14,0.225,1640
0.681,-4.94,0.226,1640
0.681,-4.74,0.274,2961
0.681,-4.54,0.252,1681
0.681,-4.34,0.287,1681
0.681,-4.14,0.301,1681
0.681,-3.94,0.264,1681
0.681,-3.74,0.272,2624
0.681,-3.54,0.228,1681
0.681,-3.34,0.279,1681
0.681,-3.14,0.279,1681
0.681,-2.94,0.271,1681
0.681,-2.74,0.31,1681
0.681,-2.54,0.396,2747
0.681,-2.34,0.369,1681
0.681,-2.14,0.366,1681
0.681,-1.94,0.444,1681
0.681,-1.74,0.46,1681
0.681,-1.54,0.56,2870
0.681,-1.44,0.59,2583
0.681,-1.34,0.756,1681
0.681,-1.24,0.842,1722
0.681,-1.14,0.967,1681
0.681,-1.04,1.161,1681
0.681,-0.94,1.267,1681
0.681,-0.84,1.686,1681
0.681,-0.74,1.853,1681
0.681,-0.54,2.333,1681
0.681,-0.34,3.708,2419
0.681,-0.14,3.939,1681
0.681,0.06,4.324,1681
0.681,0.26,2.947,1681
0.681,0.46,2.484,1681
0.681,0.66,2.319,3116
0.681,0.86,1.55,1681
0.681,1.06,1.032,1681
0.681,1.26,1.105,1681
0.681,1.46,0.832,1681
0.681,1.66,0.839,1681
0.681,1.86,0.759,2173
0.681,2.06,0.662,1681
0.681,2.26,0.798,1681
0.681,2.46,0.696,1681
0.681,2.66,0.725,1681
0.781,-1.44,0.635,2583
0.781,-1.34,0.743,1681
0.781,-1.24,0.797,1722
0.781,-1.14,0.855,1681
0.781,-1.04,1.154,1681
0.781,-0.94,1.119,1681
0.881,-5.34,0.157,1681
0.881,-5.14,0.227,1681
0.881,-4.94,0.275,1681
0.881,-4.74,0.329,2952
0.881,-4.54,0.286,1640
0.881,-4.34,0.344,1640
0.881,-4.14,0.282,1640
0.881,-3.94,0.267,1640
0.881,-3.74,0.248,2560
0.881,-3.54,0.2555,1640
0.881,-3.34,0.241,1640
0.881,-3.14,0.291,1640
0.881,-2.94,0.313,1640
0.881,-2.74,0.317,1640
0.881,-2.54,0.417,2680
0.881,-2.34,0.426,1640
0.881,-2.14,0.491,1640
0.881,-1.94,0.519,1640
0.881,-1.74,0.479,1640
0.881,-1.54,0.543,2829
0.881,-1.44,0.643,2561
0.881,-1.34,0.735,1681
0.881,-1.24,0.81,1722
0.881,-1.14,0.948,1681
0.881,-1.04,1.13,1681
0.881,-0.94,1.12,1681
0.881,-0.84,1.183,1681
0.881,-0.74,1.509,1681
0.881,-0.54,2.08,1681
0.881,-0.34,3.497,2419
0.881,-0.14,4.314,1681
0.881,0.06,4.377,1681
0.881,0.26,3.497,1681
0.881,0.46,2.899,1681
0.881,0.66,2.071,3116
0.881,0.86,1.544,1681
0.881,1.06,0.982,1681
0.881,1.26,0.894,1681
0.881,1.46,0.964,1681
0.881,1.66,0.884,1681
0.881,1.86,0.772,2173
0.881,2.06,0.772,1681
0.881,2.26,0.735,1681
0.881,2.46,0.819,1681
0.881,2.66,0.792,1681
0.981,-1.44,0.601,2583
0.981,-1.34,0.74,1681
0.981,-1.24,0.843,1722
0.981,-1.14,0.896,1681
0.981,-1.04,1.097,1681
1.081,-5.34,0.164,1681
1.081,-5.14,0.182,1681
1.081,-4.94,0.25,1681
1.081,-4.74,0.246,2993
1.081,-4.54,0.244,1681
1.081,-4.34,0.293,1681
1.081,-4.14,0.28,1681
1.081,-3.94,0.219,1681
1.081,-3.74,0.214,2624
1.081,-3.54,0.213,1681
1.081,-3.34,0.242,1681
1.081,-3.14,0.339,1681
1.081,-2.94,0.367,1681
1.081,-2.74,0.325,1681
1.081,-2.54,0.371,2747
1.081,-2.34,0.429,1681
1.081,-2.14,0.624,1681
1.081,-1.94,0.43,1681
1.081,-1.74,0.457,1681
1.081,-1.54,0.516,2870
1.081,-1.44,0.565,2583
1.081,-1.34,0.742,1681
1.081,-1.24,0.837,1722
1.081,-1.14,0.881,1681
1.081,-1.04,1.068,1681
1.081,-0.94,0.943,1681
1.081,-0.84,0.978,1681
1.081,-0.74,1.124,1681
1.081,-0.54,2.084,1681
1.081,-0.34,3.049,2419
1.081,-0.14,3.955,1681
1.081,0.06,3.886,1681
1.081,0.26,3.609,1681
1.081,0.46,2.989,1681
1.081,0.66,1.814,3116
1.081,0.86,1.645,1681
1.081,1.06,1.102,1681
1.081,1.26,0.964,1681
1.081,1.46,0.922,1681
1.081,1.66,0.911,1681
1.081,1.86,0.995,2173
1.081,2.06,0.95,1681
1.081,2.26,0.864,1681
1.081,2.46,0.803,1681
1.081,2.66,0.774,1681
1.181,-1.44,0.61,2583
1.181,-1.34,0.761,1681
1.181,-1.24,0.757,1722
1.181,-1.14,0.807,1681
1.181,-1.04,0.81,1681
1.181,-0.94,0.854,1681
1.281,-5.34,0.187,1681
1.281,-5.14,0.224,1681
1.281,-4.94,0.212,1681
1.281,-4.74,0.229,2993
1.281,-4.54,0.227,1681
1.281,-4.34,0.257,1681
1.281,-4.14,0.258,1681
1.281,-3.94,0.23,1681
1.281,-3.74,0.247,2601
1.281,-3.54,0.281,1640
1.281,-3.34,0.359,1640
1.281,-3.14,0.308,1640
1.281,-2.94,0.333,1640
1.281,-2.74,0.247,1640
1.281,-2.54,0.302,2721
1.281,-2.34,0.456,1681
1.281,-2.14,0.423,1681
1.281,-1.94,0.509,1681
1.281,-1.74,0.522,1681
1.281,-1.54,0.527,2870
1.281,-1.44,0.586,2583
1.281,-1.34,0.664,1681
1.281,-1.24,0.656,1722
1.281,-1.14,0.713,1681
1.281,-1.04,0.78,1681
1.281,-0.94,1.002,1681
1.281,-0.84,1.004,1681
1.281,-0.74,1.184,1681
1.281,-0.54,1.93,1681
1.281,-0.34,3.639,2378
1.281,-0.14,3.36,1640
1.281,0.06,3.83,1640
1.281,0.26,3.811,1640
1.281,0.46,2.742,1640
1.281,0.66,1.589,3075
1.281,0.86,1.414,1681
1.281,1.06,1.173,1681
1.281,1.26,0.933,1681
1.281,1.46,1.006,1681
1.281,1.66,1.198,1681
1.281,1.86,1.198,2173
1.281,2.06,0.861,1681
1.281,2.26,0.721,1681
1.281,2.46,0.801,1681
1.281,2.66,0.805,1681
1.381,-1.44,0.589,2561
1.381,-1.34,0.629,1681
1.381,-1.24,0.706,1722
1.381,-1.14,0.73,1681
1.381,-1.04,0.788,1681
1.481,-5.34,0.202,1681
1.481,-5.14,0.173,1681
1.481,-4.94,0.174,1681
1.481,-4.74,0.283,2993
1.481,-4.54,0.304,1681
1.481,-4.34,0.224,1681
1.481,-4.14,0.214,1681
1.481,-3.94,0.211,1681
1.481,-3.74,0.32,2624
1.481,-3.54,0.329,1681
1.481,-3.34,0.322,1681
1.481,-3.14,0.316,1681
1.481,-2.94,0.256,1681
1.481,-2.74,0.226,1681
1.481,-2.54,0.306,2747
1.481,-2.34,0.395,1681
1.481,-2.14,0.382,1681
1.481,-1.94,0.41,1681
1.481,-1.74,0.553,1681
1.481,-1.54,0.661,2870
1.481,-1.34,0.804,1681
1.481,-1.24,0.782,1722
1.481,-1.14,0.778,1681
1.481,-1.04,0.864,1681
1.481,-0.94,1.089,1681
1.481,-0.74,1.283,1681
1.481,-0.54,2.416,1681
1.481,-0.34,2.97,2419
1.481,-0.14,3.359,1681
1.481,0.06,3.256,1681
1.481,0.26,3.255,1681
1.481,0.46,2.538,1681
1.481,0.66,1.923,3116
1.481,0.86,1.385,1681
1.481,1.06,1.072,1681
1.481,1.26,0.97,1681
1.481,1.46,0.808,1681
1.481,1.66,0.972,1681
1.481,1.86,1.063,2173
1.481,2.06,0.894,1681
1.481,2.26,0.71,1681
1.481,2.46,0.862,1681
1.481,2.66,0.722,1681
1.581,-1.34,0.693,1681
1.681,-5.34,0.219,2009
1.681,-5.14,0.221,2009
1.681,-4.94,0.166,2009
1.681,-4.74,0.23,3832
1.681,-4.54,0.225,2255
1.681,-4.34,0.235,2255
1.681,-4.14,0.228,2255
1.681,-3.94,0.249,2255
1.681,-3.74,0.225,3521
1.681,-3.54,0.24,2296
1.681,-3.34,0.249,2296
1.681,-3.14,0.298,2296
1.681,-2.94,0.249,2296
1.681,-2.74,0.239,2318
1.681,-2.54,0.292,3689
1.681,-2.34,0.377,2255
1.681,-2.14,0.487,2255
1.681,-1.94,0.448,2255
1.681,-1.74,0.523,2255
1.681,-1.54,0.649,3792
1.681,-1.34,0.767,2173
1.681,-1.14,1.257,2200
1.681,-0.94,1.313,2173
1.681,-0.74,1.651,2173
1.681,-0.54,2.2865,2200
1.681,-0.34,2.981,3209
1.681,-0.14,3.238,2255
1.681,0.06,2.976,2255
1.681,0.26,3.187,2255
1.681,0.46,2.712,2255
1.681,0.66,1.413,4180
1.681,0.86,1.248,2255
1.681,1.06,1.006,2255
1.681,1.26,0.911,2255
1.681,1.46,0.784,2255
1.681,1.66,0.75,2255
1.681,1.86,0.772,2937
1.681,2.06,0.862,2255
1.681,2.26,0.798,2255
1.681,2.46,0.709,2255
1.681,2.66,0.621,2255
1.881,-5.34,0.169,1681
1.881,-5.14,0.188,1681
1.881,-4.94,0.188,1681
1.881,-4.74,0.194,3034
1.881,-4.54,0.205,1681
1.881,-4.34,0.203,1681
1.881,-4.14,0.267,1681
1.881,-3.94,0.249,1681
1.881,-3.74,0.237,2561
1.881,-3.54,0.244,1640
1.881,-3.34,0.235,1640
1.881,-3.14,0.235,1640
1.881,-2.94,0.275,1640
1.881,-2.74,0.285,1680
1.881,-2.54,0.326,2681
1.881,-2.34,0.338,1681
1.881,-2.14,0.427,1681
1.881,-1.94,0.395,1681
1.881,-1.74,0.513,1681
1.881,-1.54,0.708,2870
1.881,-1.34,0.83,1681
1.881,-1.14,0.984,1722
1.881,-0.94,1.691,1681
1.881,-0.74,2.16,1681
1.881,-0.54,2.102,1722
1.881,-0.34,2.91,2419
1.881,-0.14,3.568,1681
1.881,0.06,3.33,1681
1.881,0.26,3.097,1681
1.881,0.46,2.291,1681
1.881,0.66,1.437,3116
1.881,0.86,1.25,1681
1.881,1.06,0.953,1681
1.881,1.26,0.831,1681
1.881,1.46,0.885,1681
1.881,1.66,0.757,1681
1.881,1.86,0.721,2214
1.881,2.06,0.82,1681
1.881,2.26,0.79,1681
1.881,2.46,0.735,1681
1.881,2.66,0.754,1681
2.081,-5.34,0.157,1681
2.081,-5.14,0.179,1681
2.081,-4.94,0.207,1681
2.081,-4.74,0.193,2993
2.081,-4.54,0.213,1640
2.081,-4.34,0.257,1640
2.081,-4.14,0.245,1640
2.081,-3.94,0.244,1640
2.081,-3.74,0.266,2542
2.081,-3.54,0.2,1681
2.081,-3.34,0.2,1681
2.081,-3.14,0.255,1681
2.081,-2.94,0.328,1681
2.081,-2.74,0.291,1722
2.081,-2.54,0.307,2665
2.081,-2.34,0.36,1640
2.081,-2.14,0.478,1640
2.081,-1.94,0.572,1640
2.081,-1.74,0.55,1640
2.081,-1.54,0.668,2829
2.081,-1.34,0.902,1681
2.081,-1.14,1.054,1722
2.081,-0.94,1.374,1681
2.081,-0.74,2.249,1681
2.081,-0.54,2.5415,1722
2.081,-0.34,2.6935000000000002,2378
2.081,-0.14,2.964,1640
2.081,0.06,3.5780000000000003,1640
2.081,0.26,2.63,1640
2.081,0.46,1.995,1640
2.081,0.66,1.379,3075
2.081,0.86,1.026,1681
2.081,1.06,0.997,1681
2.081,1.26,0.917,1681
2.081,1.46,0.921,1681
2.081,1.66,0.781,1681
2.081,1.86,0.777,2173
2.081,2.06,0.721,1640
2.081,2.26,0.766,1640
2.081,2.46,0.72,1640
2.081,2.66,0.741,1640
2.281,-5.34,0.17,1681
2.281,-5.14,0.184,1681
2.281,-4.94,0.187,1681
2.281,-4.74,0.191,3034
2.281,-4.54,0.219,1681
2.281,-4.34,0.213,1681
2.281,-4.14,0.251,1681
2.281,-3.94,0.249,1681
2.281,-3.74,0.262,2583
2.281,-3.54,0.196,1681
2.281,-3.34,0.238,1681
2.281,-3.14,0.25,1681
2.281,-2.94,0.274,1681
2.281,-2.74,0.316,1722
2.281,-2.54,0.348,2706
2.281,-2.34,0.375,1681
2.281,-2.14,0.545,1681
2.281,-1.94,0.648,1681
2.281,-1.74,0.714,1681
2.281,-1.54,0.75,2870
2.281,-1.34,0.953,1681
2.281,-1.14,1.387,1722
2.281,-0.94,1.716,1681
2.281,-0.74,2.425,1681
2.281,-0.54,3.0534999999999997,1722
2.281,-0.34,2.686,2419
2.281,-0.14,3.292,1681
2.281,0.06,4.185,1681
2.281,0.26,2.431,1681
2.281,0.46,2.093,1681
2.281,0.66,1.301,3116
2.281,0.86,1.148,1681
2.281,1.06,1.043,1681
2.281,1.26,0.953,1681
2.281,1.46,0.856,1681
2.281,1.66,0.797,1681
2.281,1.86,0.775,2214
2.281,2.06,0.744,1681
2.281,2.26,0.718,1681
2.281,2.46,0.614,1681
2.281,2.66,0.635,1681
2.481,-5.34,0.131,1681
2.481,-5.14,0.17,1681
2.481,-4.94,0.176,1681
2.481,-4.74,0.188,2993
2.481,-4.54,0.238,1640
2.481,-4.34,0.223,1640
2.481,-4.14,0.229,1640
2.481,-3.94,0.234,1640
2.481,-3.74,0.267,2520
2.481,-3.54,0.233,1640
2.481,-3.34,0.208,1640
2.481,-3.14,0.205,1640
2.481,-2.94,0.246,1640
2.481,-2.74,0.275,1680
2.481,-2.54,0.338,2640
2.481,-2.34,0.431,1640
2.481,-2.14,0.448,1640
2.481,-1.94,0.527,1640
2.481,-1.74,0.529,1640
2.481,-1.54,1.042,2829
2.481,-1.34,1.079,1681
2.481,-1.14,1.342,1722
2.481,-0.94,1.87,1681
2.481,-0.74,3.025,1681
2.481,-0.54,3.198,1722
2.481,-0.34,2.624,2419
2.481,-0.14,2.863,1681
2.481,0.06,2.76,1681
2.481,0.26,3.01,1681
2.481,0.46,1.912,1681
2.481,0.66,1.576,3116
2.481,0.86,1.182,1681
2.481,1.06,1.147,1681
2.481,1.26,0.77,1681
2.481,1.46,0.647,1681
2.481,1.66,0.748,1681
2.481,1.86,0.814,2173
2.481,2.06,0.6775,1640
2.481,2.26,0.615,1640
2.481,2.46,0.626,1640
2.481,2.66,0.65,1640
2.681,-5.34,0.158,1640
2.681,-5.14,0.163,1640
2.681,-4.94,0.162,1640
2.681,-4.74,0.174,3001
2.681,-4.54,0.196,1681
2.681,-4.34,0.194,1681
2.681,-4.14,0.234,1681
2.681,-3.94,0.262,1681
2.681,-3.74,0.243,2583
2.681,-3.54,0.249,1681
2.681,-3.34,0.241,1681
2.681,-3.14,0.239,1681
2.681,-2.94,0.257,1681
2.681,-2.74,0.302,1722
2.681,-2.54,0.346,2706
2.681,-2.34,0.374,1681
2.681,-2.14,0.423,1681
2.681,-1.94,0.54,1681
2.681,-1.74,0.482,1681
2.681,-1.54,0.663,2870
2.681,-1.34,1.124,1681
2.681,-1.14,1.3605,1722
2.681,-0.94,1.716,1681
2.681,-0.74,2.263,1681
2.681,-0.54,2.461,1722
2.681,-0.34,2.926,2378
2.681,-0.14,2.9375,1640
2.681,0.06,2.8565,1640
2.681,0.26,3.42,1640
2.681,0.46,2.327,1640
2.681,0.66,1.906,3075
2.681,0.86,1.517,1681
2.681,1.06,1.386,1681
2.681,1.26,0.901,1681
2.681,1.46,0.73,1681
2.681,1.66,0.681,1681
2.681,1.86,0.7705,2214
2.681,2.06,0.722,1681
2.681,2.26,0.724,1681
2.681,2.46,0.751,1681
2.681,2.66,0.636,1681
2.881,-5.34,0.163,1681
2.881,-5.14,0.148,1681
2.881,-4.94,0.146,1681
2.881,-4.74,0.183,3034
2.881,-4.54,0.23,1681
2.881,-4.34,0.22,1681
2.881,-4.14,0.224,1681
2.881,-3.94,0.301,1681
2.881,-3.74,0.268,2583
2.881,-3.54,0.241,1681
2.881,-3.34,0.191,1681
2.881,-3.14,0.251,1681
2.881,-2.94,0.291,1681
2.881,-2.74,0.352,1722
2.881,-2.54,0.361,2706
2.881,-2.34,0.414,1681
2.881,-2.14,0.439,1681
2.881,-1.94,0.508,1681
2.881,-1.74,0.458,1681
2.881,-1.54,0.8,2870
2.881,-1.34,1.022,1681
2.881,-1.14,1.196,1722
2.881,-0.94,1.393,1681
2.881,-0.74,1.827,1681
2.881,-0.54,2.8425000000000002,1722
2.881,-0.34,3.183,2419
2.881,-0.14,3.261,1681
2.881,0.06,3.117,1681
2.881,0.26,2.938,1681
2.881,0.46,2.459,1681
2.881,0.66,1.804,3116
2.881,0.86,1.69,1681
2.881,1.06,1.367,1681
2.881,1.26,1.007,1681
2.881,1.46,0.643,1681
2.881,1.66,0.691,1681
2.881,1.86,0.741,2214
2.881,2.06,0.902,1681
2.881,2.26,0.778,1681
2.881,2.46,0.649,1681
2.881,2.66,0.585,1681
3.081,-5.34,0.14,1681
3.081,-5.14,0.128,1681
3.081,-4.94,0.151,1681
3.081,-4.74,0.18,3034
3.081,-4.54,0.199,1681
3.081,-4.34,0.278,1681
3.081,-4.14,0.308,1681
3.081,-3.94,0.262,1681
3.081,-3.74,0.359,2583
3.081,-3.54,0.291,1681
3.081,-3.34,0.207,1681
3.081,-3.14,0.261,1681
3.081,-2.94,0.26,1681
3.081,-2.74,0.289,1722
3.081,-2.54,0.422,2747
3.081,-2.34,0.445,1722
3.081,-2.14,0.45,1722
3.081,-1.94,0.416,1722
3.081,-1.74,0.528,1722
3.081,-1.54,0.84,2998
3.081,-1.34,1.1324999999999998,1804
3.081,-1.14,1.597,1845
3.081,-0.94,1.9135,1804
3.081,-0.74,2.076,1804
3.081,-0.54,2.501,1848
3.081,-0.34,2.856,2596
3.081,-0.14,3.017,1804
3.081,0.06,3.221,1804
3.081,0.26,3.6525,1804
3.081,0.46,2.316,1807
3.081,0.66,1.819,3274
3.081,0.86,2.023,1722
3.081,1.06,1.567,1722
3.081,1.26,1.547,1722
3.081,1.46,0.958,1723
3.081,1.66,0.749,1722
3.081,1.86,0.882,2227
3.081,2.06,0.688,1681
3.081,2.26,0.75,1681
3.081,2.46,0.85,1681
3.081,2.66,0.596,1681
3.281,-5.34,0.154,1681
3.281,-5.14,0.134,1681
3.281,-4.94,0.168,1681
3.281,-4.74,0.155,2952
3.281,-4.54,0.204,1681
3.281,-4.34,0.297,1681
3.281,-4.14,0.227,1681
3.281,-3.94,0.272,1722
3.281,-3.74,0.231,2583
3.281,-3.54,0.251,1722
3.281,-3.34,0.191,1681
3.281,-3.14,0.255,1681
3.281,-2.94,0.273,1681
3.281,-2.74,0.353,1681
3.281,-2.54,0.474,2747
3.281,-2.34,0.539,1681
3.281,-2.14,0.57,1681
3.281,-1.94,0.572,1681
3.281,-1.74,0.604,1681
3.281,-1.54,0.699,2870
3.281,-1.34,0.854,1681
3.281,-1.14,1.629,1681
3.281,-0.94,2.629,1681
3.281,-0.74,2.422,1681
3.281,-0.54,2.314,1722
3.281,-0.34,3.393,2419
3.281,-0.14,3.416,1681
3.281,0.06,2.797,1681
3.281,0.26,2.079,1681
3.281,0.46,1.907,1722
3.281,0.66,1.674,3116
3.281,0.86,1.601,1681
3.281,1.06,1.537,1681
3.281,1.26,1.283,1681
3.281,1.46,1.165,1722
3.281,1.66,0.916,1681
3.281,1.86,0.866,2214
3.281,2.06,0.784,1681
3.281,2.26,0.761,1681
3.281,2.46,0.708,1681
3.281,2.66,0.696,1681
3.481,-5.34,0.138,1681
3.481,-5.14,0.137,1681
3.481,-4.94,0.171,1681
3.481,-4.74,0.139,2952
3.481,-4.54,0.147,1681
3.481,-4.34,0.161,1681
3.481,-4.14,0.204,1681
3.481,-3.94,0.246,1722
3.481,-3.74,0.218,2583
3.481,-3.54,0.247,1722
3.481,-3.34,0.247,1681
3.481,-3.14,0.207,1681
3.481,-2.94,0.26,1681
3.481,-2.74,0.262,1681
3.481,-2.54,0.458,2747
3.481,-2.34,0.681,1681
3.481,-2.14,0.648,1681
3.481,-1.94,0.664,1681
3.481,-1.74,0.957,1681
3.481,-1.54,0.713,2870
3.481,-1.34,0.816,1681
3.481,-1.14,1.583,1681
3.481,-0.94,1.867,1681
3.481,-0.74,1.959,1681
3.481,-0.54,2.524,1722
3.481,-0.34,3.344,2419
3.481,-0.14,3.518,1681
3.481,0.06,2.584,1681
3.481,0.26,2.257,1681
3.481,0.46,1.7545,1722
3.481,0.66,1.3635000000000002,3116
3.481,0.86,1.852,1681
3.481,1.06,1.482,1681
3.481,1.26,1.395,1681
3.481,1.46,1.19,1722
3.481,1.66,1.09,1681
3.481,1.86,0.854,2173
3.481,2.06,0.797,1640
3.481,2.26,0.691,1640
3.481,2.46,0.74,1640
3.481,2.66,0.6575,1640
3.681,-5.34,0.126,1681
3.681,-5.14,0.141,1681
3.681,-4.94,0.144,1681
3.681,-4.74,0.171,2952
3.681,-4.54,0.182,1681
3.681,-4.34,0.188,1681
3.681,-4.14,0.232,1681
3.681,-3.94,0.255,1722
3.681,-3.74,0.255,2583
3.681,-3.54,0.265,1722
3.681,-3.34,0.22,1681
3.681,-3.14,0.249,1681
3.681,-2.94,0.267,1681
3.681,-2.74,0.282,1681
3.681,-2.54,0.381,2747
3.681,-2.34,0.517,1681
3.681,-2.14,0.629,1681
3.681,-1.94,0.679,1681
3.681,-1.74,0.822,1681
3.681,-1.54,0.94,2870
3.681,-1.34,0.875,1681
3.681,-1.14,1.468,1681
3.681,-0.94,1.439,1681
3.681,-0.74,1.466,1681
3.681,-0.54,2.109,1722
3.681,-0.34,2.609,2419
3.681,-0.14,3.267,1681
3.681,0.06,2.571,1681
3.681,0.26,1.84,1681
3.681,0.46,1.6545,1722
3.681,0.66,1.39,3116
3.681,0.86,1.435,1681
3.681,1.06,1.209,1681
3.681,1.26,1.225,1681
3.681,1.46,1.147,1722
3.681,1.66,1.018,1681
3.681,1.86,0.866,2214
3.681,2.06,0.861,1681
3.681,2.26,0.774,1681
3.681,2.46,0.651,1681
3.681,2.66,0.583,1681
3.881,-5.34,0.142,1681
3.881,-5.14,0.151,1681
3.881,-4.94,0.157,1681
3.881,-4.74,0.152,2952
3.881,-4.54,0.159,1681
3.881,-4.34,0.179,1681
3.881,-4.14,0.158,1681
3.881,-3.94,0.219,1722
3.881,-3.74,0.218,2583
3.881,-3.54,0.238,1722
3.881,-3.34,0.291,1681
3.881,-3.14,0.228,1681
3.881,-2.94,0.27,1681
3.881,-2.74,0.271,1681
3.881,-2.54,0.339,2747
3.881,-2.34,0.533,1681
3.881,-2.14,0.627,1681
3.881,-1.94,0.643,1681
3.881,-1.74,0.794,1681
3.881,-1.54,0.9065000000000001,2870
3.881,-1.34,0.966,1681
3.881,-1.14,1.235,1681
3.881,-0.94,1.728,1681
3.881,-0.74,1.826,1681
3.881,-0.54,1.8725,1722
3.881,-0.34,2.461,2419
3.881,-0.14,2.679,1681
3.881,0.06,2.02,1681
3.881,0.26,1.88,1681
3.881,0.46,1.27,1722
3.881,0.66,1.314,3116
3.881,0.86,1.22,1681
3.881,1.06,1.047,1681
3.881,1.26,1.096,1681
3.881,1.46,1.191,1722
3.881,1.66,1.075,1681
3.881,1.86,0.86,2214
3.881,2.06,0.771,1681
3.881,2.26,0.673,1681
3.881,2.46,0.542,1681
3.881,2.66,0.485,1681
4.081,-5.34,0.113,1640
4.081,-5.14,0.138,1640
4.081,-4.94,0.118,1640
4.081,-4.74,0.146,2921
4.081,-4.54,0.169,1681
4.081,-4.34,0.151,1681
4.081,-4.14,0.194,1681
4.081,-3.94,0.245,1722
4.081,-3.74,0.282,2583
4.081,-3.54,0.28,1722
4.081,-3.34,0.299,1681
4.081,-3.14,0.219,1681
4.081,-2.94,0.255,1681
4.081,-2.74,0.371,1681
4.081,-2.54,0.449,2747
4.081,-2.34,0.552,1681
4.081,-2.14,0.623,1681
4.081,-1.94,0.691,1681
4.081,-1.74,0.707,1681
4.081,-1.54,0.952,2870
4.081,-1.34,0.963,1681
4.081,-1.14,1.44,1681
4.081,-0.94,1.85,1681
4.081,-0.74,2.009,1681
4.081,-0.54,2.225,1722
4.081,-0.34,2.266,2419
4.081,-0.14,2.312,1681
4.081,0.06,2.738,1681
4.081,0.26,1.624,1681
4.081,0.46,1.8535,1722
4.081,0.66,1.408,3081
4.081,0.86,1.261,1640
4.081,1.06,1.0675,1640
4.081,1.26,1.077,1640
4.081,1.46,1.025,1680
4.081,1.66,0.781,1640
4.081,1.86,0.74,2201
4.081,2.06,0.602,1681
4.081,2.26,0.604,1681
4.081,2.46,0.566,1681
4.081,2.66,0.489,1681
4.281,-5.34,0.134,1681
4.281,-5.14,0.115,1681
4.281,-4.94,0.146,1681
4.281,-4.74,0.134,2952
4.281,-4.54,0.156,1681
4.281,-4.34,0.166,1681
4.281,-4.14,0.183,1681
4.281,-3.94,0.243,1722
4.281,-3.74,0.34,2561
4.281,-3.54,0.292,1680
4.281,-3.34,0.251,1640
4.281,-3.14,0.225,1640
4.281,-2.94,0.216,1640
4.281,-2.74,0.41,1640
4.281,-2.54,0.382,2721
4.281,-2.34,0.505,1681
4.281,-2.14,0.71,1681
4.281,-1.94,0.719,1681
4.281,-1.74,0.984,1681
4.281,-1.54,1.083,2870
4.281,-1.34,0.959,1681
4.281,-1.14,1.455,1681
4.281,-0.94,1.777,1681
4.281,-0.74,1.792,1681
4.281,-0.54,1.779,1722
4.281,-0.34,2.16,2419
4.281,-0.14,2.096,1681
4.281,0.06,2.229,1681
4.281,0.26,1.745,1681
4.281,0.46,2.259,1722
4.281,0.66,1.4575,3116
4.281,0.86,1.136,1681
4.281,1.06,1.137,1681
4.281,1.26,1.104,1681
4.281,1.46,0.9795,1722
4.281,1.66,0.786,1681
4.281,1.86,0.654,2214
4.281,2.06,0.578,1681
4.281,2.26,0.613,1681
4.281,2.46,0.509,1681
4.281,2.66,0.444,1681
4.481,-5.34,0.143,1681
4.481,-5.14,0.123,1681
4.481,-4.94,0.134,1681
4.481,-4.74,0.178,2911
4.481,-4.54,0.152,1640
4.481,-4.34,0.179,1640
4.481,-4.14,0.202,1640
4.481,-3.94,0.275,1680
4.481,-3.74,0.352,2542
4.481,-3.54,0.404,1722
4.481,-3.34,0.351,1681
4.481,-3.14,0.25,1681
4.481,-2.94,0.294,1681
4.481,-2.74,0.419,1681
4.481,-2.54,0.4,2706
4.481,-2.34,0.641,1640
4.481,-2.14,0.8055000000000001,1640
4.481,-1.94,0.877,1640
4.481,-1.74,0.775,1640
4.481,-1.54,1.093,2829
4.481,-1.34,1.097,1681
4.481,-1.14,1.287,1681
4.481,-0.94,1.974,1681
4.481,-0.74,2.105,1681
4.481,-0.54,2.1225,1722
4.481,-0.34,3.359,2419
4.481,-0.14,2.482,1681
4.481,0.06,2.773,1681
4.481,0.26,2.276,1681
4.481,0.46,2.145,1722
4.481,0.66,1.474,3116
4.481,0.86,1.2,1681
4.481,1.06,1.405,1681
4.481,1.26,1.033,1681
4.481,1.46,0.999,1722
4.481,1.66,0.763,1681
4.481,1.86,0.565,2173
4.481,2.06,0.595,1640
4.481,2.26,0.628,1640
4.481,2.46,0.573,1640
4.481,2.66,0.438,1640
4.681,-5.34,0.151,2255
4.681,-5.14,0.146,2255
4.681,-4.94,0.166,2255
4.681,-4.74,0.178,3754
4.681,-4.54,0.187,2009
4.681,-4.34,0.22,2050
4.681,-4.14,0.242,2009
4.681,-3.94,0.286,2017
4.681,-3.74,0.293,2933
4.681,-3.54,0.361,1723
4.681,-3.34,0.329,1722
4.681,-3.14,0.316,1722
4.681,-2.94,0.408,1722
4.681,-2.74,0.434,1722
4.681,-2.54,0.615,2732
4.681,-2.34,0.543,1681
4.681,-2.14,1.118,1681
4.681,-1.94,1.152,1681
4.681,-1.74,1.099,1681
4.681,-1.54,1.1115,2870
4.681,-1.34,1.4,1681
4.681,-1.14,1.343,1681
4.681,-0.94,1.604,1681
4.681,-0.74,1.659,1681
4.681,-0.54,1.98,1681
4.681,-0.34,2.49,2460
4.681,-0.14,3.5925000000000002,1640
4.681,0.06,3.448,1640
4.681,0.26,3.2104999999999997,1640
4.681,0.46,2.0785,1640
4.681,0.66,1.569,3080
4.681,0.86,1.259,1640
4.681,1.06,1.2625,1640
4.681,1.26,0.972,1680
4.681,1.46,0.882,1640
4.681,1.66,0.726,1640
4.681,1.86,0.615,2242
4.681,2.06,0.546,1722
4.681,2.26,0.546,1681
4.681,2.46,0.5215000000000001,1722
4.681,2.66,0.509,1722
4.881,-5.34,0.173,1640
4.881,-5.14,0.159,1640
4.881,-4.94,0.2005,1640
4.881,-4.74,0.23,2961
4.881,-4.54,0.189,1681
4.881,-4.34,0.196,1722
4.881,-4.14,0.23,1681
4.881,-3.94,0.258,1681
4.881,-3.74,0.265,2583
4.881,-3.54,0.297,1681
4.881,-3.34,0.271,1681
4.881,-3.14,0.348,1681
4.881,-2.94,0.398,1681
4.881,-2.74,0.446,1681
4.881,-2.54,0.539,2706
4.881,-2.34,0.559,1681
4.881,-2.14,0.665,1681
4.881,-1.94,0.965,1681
4.881,-1.74,0.916,1681
4.881,-1.54,1.012,2841
4.881,-1.34,1.563,1640
4.881,-1.14,1.4365,1640
4.881,-0.94,1.966,1640
4.881,-0.74,2.1535,1640
4.881,-0.54,1.9845000000000002,1640
4.881,-0.34,2.21,2481
4.881,-0.14,3.562,1681
4.881,0.06,3.39,1681
4.881,0.26,3.627,1681
4.881,0.46,1.961,1681
4.881,0.66,1.748,3157
4.881,0.86,1.199,1681
4.881,1.06,1.179,1681
4.881,1.26,0.882,1722
4.881,1.46,0.763,1681
4.881,1.66,0.751,1681
4.881,1.86,0.55,2173
4.881,2.06,0.544,1640
4.881,2.26,0.626,1600
4.881,2.46,0.457,1640
4.881,2.66,0.433,1640
5.081,-5.34,0.207,1681
5.081,-5.14,0.192,1681
5.081,-4.94,0.185,1681
5.081,-4.74,0.199,2993
5.081,-4.54,0.215,1681
5.081,-4.34,0.216,1722
5.081,-4.14,0.252,1681
5.081,-3.94,0.289,1681
5.081,-3.74,0.317,2583
5.081,-3.54,0.297,1681
5.081,-3.34,0.315,1681
5.081,-3.14,0.353,1681
5.081,-2.94,0.363,1681
5.081,-2.74,0.374,1681
5.081,-2.54,0.434,2706
5.081,-2.34,0.503,1681
5.081,-2.14,0.468,1681
5.081,-1.94,0.9,1681
5.081,-1.74,0.725,1681
5.081,-1.54,0.865,2870
5.081,-1.34,1.132,1681
5.081,-1.14,1.239,1681
5.081,-0.94,1.99,1681
5.081,-0.74,2.46,1681
5.081,-0.54,2.519,1681
5.081,-0.34,2.259,2501
5.081,-0.14,2.491,1681
5.081,0.06,2.825,1681
5.081,0.26,2.372,1681
5.081,0.46,2.289,1681
5.081,0.66,1.839,3157
5.081,0.86,1.397,1681
5.081,1.06,1.152,1681
5.081,1.26,0.962,1722
5.081,1.46,0.736,1681
5.081,1.66,0.658,1681
5.081,1.86,0.637,2214
5.081,2.06,0.513,1681
5.081,2.26,0.612,1640
5.081,2.46,0.415,1681
5.081,2.66,0.384,1681
