l,b,block,model,decaps,aks,nir,nominal,nir_from_kpc,bayestar_reliable_8kpc,decaps_reliable_8kpc,ejk,n_nodes
-0.619,-1.34,five-field,6.974447838345864,8.060078125,0.608336865901947,7.556979700645304,8.060078125,inf,False,True,1.029,1681
-0.619,-1.24,five-field,9.0625,9.266171875,0.8712058663368225,10.822433122196554,9.266171875,9.05,False,True,1.199,1681
-0.619,-1.14,five-field,11.2734375,10.264765625,0.8712058663368225,10.822433122196554,10.264765625,9.05,False,True,1.42,1681
-0.619,-1.04,five-field,12.1875,12.85203125,0.8712058663368225,10.822433122196554,12.85203125,9.05,False,True,1.812,1681
-0.519,-1.44,five-field,6.96484375,6.296328125,0.608336865901947,7.556979700645304,6.296328125,inf,False,True,0.851,2561
-0.519,-1.34,five-field,7.87109375,8.481562499999999,0.608336865901947,7.556979700645304,8.481562499999999,inf,False,True,1.115,1681
-0.519,-1.24,five-field,4.357235431671143,9.836796875,0.8712058663368225,10.822433122196554,9.836796875,9.05,False,True,1.256,1681
-0.519,-1.14,five-field,9.706708176691729,9.2078125,0.8712058663368225,10.822433122196554,9.2078125,9.05,False,True,1.301,1681
-0.519,-1.04,five-field,2.5793630198428503,10.524140625,0.8712058663368225,10.822433122196554,10.524140625,9.05,False,True,1.457,1681
-0.519,-0.94,five-field,2.630783796310425,12.365703125,1.3645356893539429,16.950753905017923,16.950753905017923,4.4,False,True,1.775,1681
-0.419,-1.44,five-field,6.3203125,6.74375,0.5428850054740906,6.743913111479386,6.74375,inf,False,True,0.879,2583
-0.419,-1.34,five-field,4.357235431671143,8.747421874999999,0.5428850054740906,6.743913111479386,8.747421874999999,inf,False,True,1.125,1681
-0.419,-1.24,five-field,4.357235431671143,7.528359375,0.7452515363693237,9.257783060488494,7.528359375,inf,False,True,1.105,1681
-0.419,-1.14,five-field,4.357235431671143,8.948437499999999,0.7452515363693237,9.257783060488494,8.948437499999999,inf,False,True,1.231,1681
-0.419,-1.04,five-field,2.9870359897613525,9.96,0.7452515363693237,9.257783060488494,9.96,inf,False,True,1.423,1681
-0.419,-0.94,five-field,2.630783796310425,12.2684375,0.9924999475479126,12.329191895005126,12.329191895005126,7.5,False,True,1.826,1681
-0.319,-1.44,five-field,5.98046875,5.732187499999999,0.5428850054740906,6.743913111479386,5.732187499999999,inf,False,True,0.786,2542
-0.319,-1.34,five-field,5.782243251800537,8.267578125,0.5428850054740906,6.743913111479386,8.267578125,inf,False,True,0.875,1640
-0.319,-1.24,five-field,6.796192169189453,7.6515625,0.7452515363693237,9.257783060488494,7.6515625,inf,False,True,0.951,1640
-0.319,-1.14,five-field,6.796192169189453,7.807187499999999,0.7452515363693237,9.257783060488494,7.807187499999999,inf,False,True,1.044,1640
-0.319,-1.04,five-field,2.9870359897613525,9.09109375,0.7452515363693237,9.257783060488494,9.09109375,inf,False,True,1.367,1640
-0.319,-0.94,five-field,2.9870359897613525,12.2684375,0.9924999475479126,12.329191895005126,12.329191895005126,7.5,False,True,1.7695,1640
-0.219,-1.34,five-field,2.466359853744507,6.4746484375,0.5240733623504639,6.51022810373247,6.4746484375,inf,False,True,0.833,1681
-0.219,-1.24,five-field,6.796192169189453,7.865546875,0.6099328398704529,7.576805464229228,7.865546875,inf,False,True,0.95,1681
-0.219,-1.14,five-field,3.42549991607666,8.3259375,0.6099328398704529,7.576805464229228,8.3259375,inf,False,True,1.03,1681
-0.219,-1.04,five-field,3.42549991607666,9.538515625,0.6099328398704529,7.576805464229228,9.538515625,inf,False,True,1.305,1681
-0.219,-0.24,GC field,2.8666442838826574,5.466328125,2.2270429134368896,27.665129359464466,27.665129359464466,2.8,False,True,3.268,1681
-0.219,-0.14,GC field,2.8666442838826574,8.766874999999999,2.2270429134368896,27.665129359464466,27.665129359464466,2.8,False,True,4.242,1681
-0.219,-0.04,GC field,2.548572063446045,7.463515624999999,2.2270429134368896,27.665129359464466,27.665129359464466,2.8,False,True,4.344,1681
-0.219,0.06,GC field,2.548572063446045,7.774765625,2.516752004623413,31.2640000574337,31.2640000574337,1.65,False,True,4.076,1681
-0.119,-1.44,five-field,4.43944787979126,6.4487109375,0.5240733623504639,6.51022810373247,6.4487109375,inf,False,True,0.788,2583
-0.119,-1.34,five-field,4.43944787979126,6.5459765625,0.5240733623504639,6.51022810373247,6.5459765625,inf,False,True,0.773,1681
-0.119,-1.24,five-field,4.43944787979126,6.296328125,0.6099328398704529,7.576805464229228,6.296328125,inf,False,True,0.817,1681
-0.119,-1.14,five-field,3.42549991607666,7.826640625,0.6099328398704529,7.576805464229228,7.826640625,inf,False,True,0.96,1681
-0.119,-1.04,five-field,3.42549991607666,9.084609375,0.6099328398704529,7.576805464229228,9.084609375,inf,False,True,1.263,1681
-0.119,-0.94,five-field,3.3706917762756348,10.10265625,0.9119212627410888,11.32821444398868,10.10265625,9.000000000000002,False,True,1.464,1681
-0.119,-0.34,GC field,2.438955783843994,7.171718749999999,1.955999970436096,24.29813627870927,24.29813627870927,3.05,False,True,3.536,2501
-0.119,-0.24,GC field,2.8774197101593018,7.554296874999999,2.2270429134368896,27.665129359464466,27.665129359464466,2.8,False,True,4.228,1681
-0.119,-0.14,GC field,2.548572063446045,5.440390625,2.2270429134368896,27.665129359464466,27.665129359464466,2.8,False,True,4.4,1681
-0.119,-0.04,GC field,2.548572063446045,6.2671484375,2.2270429134368896,27.665129359464466,27.665129359464466,2.8,False,True,4.507,1681
-0.119,0.06,GC field,2.548572063446045,6.4227734375,2.516752004623413,31.2640000574337,31.2640000574337,1.65,False,True,4.263,1681
-0.019,-1.44,five-field,5.593802731736262,5.2491015625,0.5240733623504639,6.51022810373247,5.2491015625,inf,False,True,0.759,2583
-0.019,-1.34,five-field,5.593802731736262,6.140703125,0.5240733623504639,6.51022810373247,6.140703125,inf,False,True,0.813,1681
-0.019,-1.24,five-field,4.631275653839111,6.3319921875,0.6099328398704529,7.576805464229228,6.3319921875,inf,False,True,0.831,1681
-0.019,-1.14,five-field,2.8155303592968703,7.450546875,0.6099328398704529,7.576805464229228,7.450546875,inf,False,True,0.984,1681
-0.019,-1.04,five-field,2.222496427091441,9.564453125,0.6099328398704529,7.576805464229228,9.564453125,inf,False,True,1.375,1681
-0.019,-0.94,five-field,2.719770017423128,11.107734375,0.9119212627410888,11.32821444398868,11.107734375,9.000000000000002,False,True,1.531,1681
-0.019,-0.34,GC field,1.9182798862457275,8.70203125,1.955999970436096,24.29813627870927,24.29813627870927,3.05,False,True,3.692,2460
-0.019,-0.24,GC field,2.8774197101593018,5.570078124999999,2.2270429134368896,27.665129359464466,27.665129359464466,2.8,False,True,4.195,1640
-0.019,-0.14,GC field,2.8774197101593018,6.5265234375,2.2270429134368896,27.665129359464466,27.665129359464466,2.8,False,True,4.4965,1640
-0.019,-0.04,GC field,2.548572063446045,5.596015625,2.2270429134368896,27.665129359464466,27.665129359464466,2.8,False,True,4.4665,1640
-0.019,0.06,GC field,2.548572063446045,4.91515625,2.516752004623413,31.2640000574337,31.2640000574337,1.65,False,True,4.816000000000001,1640
-0.019,0.16,GC field,2.630783796310425,7.482968749999999,2.516752004623413,31.2640000574337,31.2640000574337,1.65,False,False,4.5095,1640
0.081,-1.44,five-field,5.593802731736262,4.480703125,0.4670000076293945,5.801242330799932,4.480703125,inf,False,True,0.593,2561
0.081,-1.34,five-field,5.593802731736262,6.4033203125,0.4670000076293945,5.801242330799932,6.4033203125,inf,False,True,0.738,1681
0.081,-1.24,five-field,5.891859531402588,6.481132812499999,0.571017861366272,7.0933895821897135,6.481132812499999,inf,False,True,0.849,1681
0.081,-1.14,five-field,2.8155303592968703,7.1328125,0.571017861366272,7.0933895821897135,7.1328125,inf,False,True,0.91,1681
0.081,-1.04,five-field,2.771191032309281,9.6228125,0.571017861366272,7.0933895821897135,9.6228125,inf,False,True,1.22,1681
0.081,-0.94,five-field,2.771191032309281,12.339765625,0.8658999800682068,10.75652149153052,12.339765625,9.45,False,True,1.623,1681
0.081,-0.34,GC field,1.9182798862457275,7.268984375,2.165118455886841,26.895881439588084,26.895881439588084,2.8,False,True,3.505,2501
0.081,-0.24,GC field,2.8774197101593018,9.266171875,2.5985641479492188,32.28029997452445,32.28029997452445,1.9,False,True,4.455,1681
0.081,-0.14,GC field,2.8774197101593018,7.619140625,2.5985641479492188,32.28029997452445,32.28029997452445,1.9,False,False,4.565,1681
0.081,-0.04,GC field,2.7403998374938965,6.516796875,2.5985641479492188,32.28029997452445,32.28029997452445,1.9,False,False,4.476,1681
0.081,0.06,GC field,2.7403998374938965,6.633515624999999,2.7951622009277344,34.72251181276689,34.72251181276689,1.4,False,False,4.717,1681
0.081,0.16,GC field,2.630783796310425,6.16015625,2.7951622009277344,34.72251181276689,34.72251181276689,1.4,False,False,4.258,1681
0.181,-1.34,five-field,2.795207977294922,6.7696875,0.4670000076293945,5.801242330799932,6.7696875,inf,False,True,0.888,2091
0.181,-1.24,five-field,2.795207977294922,6.970703125,0.571017861366272,7.0933895821897135,6.970703125,inf,False,True,0.913,2101
0.181,-1.14,five-field,5.891859531402588,7.813671875,0.571017861366272,7.0933895821897135,7.813671875,inf,False,True,0.975,2091
0.181,-1.04,five-field,5.891859531402588,9.06515625,0.571017861366272,7.0933895821897135,9.06515625,inf,False,True,1.255,2091
0.181,-0.34,GC field,1.9182798862457275,9.68765625,2.165118455886841,26.895881439588084,26.895881439588084,2.8,False,True,3.778,3091
0.181,-0.24,GC field,3.041844129562378,10.407421875,2.5985641479492188,32.28029997452445,32.28029997452445,1.9,False,False,4.477,2091
0.181,-0.14,GC field,2.7403998374938965,6.3773828125,2.5985641479492188,32.28029997452445,32.28029997452445,1.9,False,True,4.426,2091
0.181,-0.04,GC field,2.8226118087768555,6.886406249999999,2.5985641479492188,32.28029997452445,32.28029997452445,1.9,False,False,4.493,2091
0.181,0.06,GC field,2.8226118087768555,7.949843749999999,2.7951622009277344,34.72251181276689,34.72251181276689,1.4,False,False,3.964,2091
0.281,-1.44,five-field,5.590415954589844,5.1258984375,0.4562027156352997,5.667114479941611,5.1258984375,inf,False,True,0.722,2835
0.281,-1.34,five-field,4.960123538970947,6.763203125,0.4562027156352997,5.667114479941611,6.763203125,inf,False,True,0.885,1845
0.281,-1.24,five-field,5.621206563218196,6.604335937499999,0.634850263595581,7.886338678205975,6.604335937499999,inf,False,True,0.976,1886
0.281,-1.14,five-field,2.274531841278076,7.658046874999999,0.634850263595581,7.886338678205975,7.658046874999999,inf,False,True,1.097,1845
0.281,-1.04,five-field,2.274531841278076,11.1790625,0.634850263595581,7.886338678205975,11.1790625,inf,False,True,1.489,1845
0.281,-0.94,five-field,2.0827040672302246,12.469453125,0.8666451573371887,10.765778352014769,12.469453125,9.15,False,True,1.898,1845
0.281,-0.14,GC field,3.507711887359619,8.488046875,2.557374954223633,31.768632971722145,31.768632971722145,2.6,False,True,4.369,1845
0.281,-0.04,GC field,3.343287944793701,10.25828125,2.557374954223633,31.768632971722145,31.768632971722145,2.6,False,True,4.52,1845
0.381,-1.44,five-field,4.932719707489014,4.921640624999999,0.4562027156352997,5.667114479941611,4.921640624999999,inf,False,True,0.696,2583
0.381,-1.34,five-field,4.960123538970947,5.022148437499999,0.4562027156352997,5.667114479941611,5.022148437499999,inf,False,True,0.761,1681
0.381,-1.24,five-field,5.124547958374023,7.87203125,0.634850263595581,7.886338678205975,7.87203125,inf,False,True,0.986,1722
0.381,-1.14,five-field,2.274531841278076,8.825234374999999,0.634850263595581,7.886338678205975,8.825234374999999,inf,False,True,1.07,1681
0.381,-1.04,five-field,2.274531841278076,9.369921875,0.634850263595581,7.886338678205975,9.369921875,inf,False,True,1.361,1681
0.381,-0.94,five-field,2.0827040672302246,9.03921875,0.8666451573371887,10.765778352014769,9.03921875,9.15,False,True,1.683,1681
0.481,-1.44,five-field,4.55245067840232,6.80859375,0.4562027156352997,5.667114479941611,6.80859375,inf,False,True,0.761,2583
0.481,-1.34,five-field,5.124547958374023,5.9429296875,0.4562027156352997,5.667114479941611,5.9429296875,inf,False,True,0.776,1681
0.481,-1.24,five-field,6.138495922088623,7.210624999999999,0.634850263595581,7.886338678205975,7.210624999999999,inf,False,True,0.961,1722
0.481,-1.14,five-field,2.205868131236026,8.19625,0.634850263595581,7.886338678205975,8.19625,inf,False,True,1.014,1681
0.481,-1.04,five-field,2.205868131236026,9.097578125,0.634850263595581,7.886338678205975,9.097578125,inf,False,True,1.261,1681
0.481,-0.94,five-field,2.0827040672302246,11.029921875,0.8666451573371887,10.765778352014769,11.029921875,9.15,False,True,1.812,1681
0.581,-1.34,five-field,5.014931678771973,5.5668359375,0.4234444499015808,5.260179501882991,5.5668359375,inf,False,True,0.752,1681
0.581,-1.24,five-field,6.138495922088623,6.5978515625,0.5873708128929138,7.296531837179053,6.5978515625,inf,False,True,0.874,1722
0.581,-1.14,five-field,3.153932573203753,7.78125,0.5873708128929138,7.296531837179053,7.78125,inf,False,True,1.084,1681
0.581,-1.04,five-field,3.153932573203753,8.93546875,0.5873708128929138,7.296531837179053,8.93546875,inf,False,True,1.287,1681
0.681,-1.44,five-field,4.083195686340332,4.5033984375,0.4234444499015808,5.260179501882991,4.5033984375,inf,False,True,0.59,2583
0.681,-1.34,five-field,5.425991535186768,5.9915625,0.4234444499015808,5.260179501882991,5.9915625,inf,False,True,0.756,1681
0.681,-1.24,five-field,4.795700073242188,6.1828515625,0.5873708128929138,7.296531837179053,6.1828515625,inf,False,True,0.842,1722
0.681,-1.14,five-field,4.795700073242188,6.659453125,0.5873708128929138,7.296531837179053,6.659453125,inf,False,True,0.967,1681
0.681,-1.04,five-field,1.921667075694952,7.982265624999999,0.5873708128929138,7.296531837179053,7.982265624999999,inf,False,True,1.161,1681
0.681,-0.94,five-field,1.921667075694952,8.8446875,0.8689014315605164,10.793806603236227,8.8446875,9.250000000000002,False,True,1.267,1681
0.781,-1.44,five-field,4.823103904724121,4.769257812499999,0.3712778985500335,4.612147808074951,4.769257812499999,inf,False,True,0.635,2583
0.781,-1.34,five-field,5.511590979153052,5.219921875,0.3712778985500335,4.612147808074951,5.219921875,inf,False,True,0.743,1681
0.781,-1.24,five-field,4.795700073242188,6.156914062499999,0.5154587030410767,6.403213702373623,6.156914062499999,inf,False,True,0.797,1722
0.781,-1.14,five-field,5.0423359870910645,5.87484375,0.5154587030410767,6.403213702373623,5.87484375,inf,False,True,0.855,1681
0.781,-1.04,five-field,1.921667075694952,8.526953125,0.5154587030410767,6.403213702373623,8.526953125,inf,False,True,1.154,1681
0.781,-0.94,five-field,1.921667075694952,8.0925,0.7197272777557373,8.940711524915992,8.0925,inf,False,True,1.119,1681
0.881,-1.44,five-field,4.658679962158203,4.57796875,0.3712778985500335,4.612147808074951,4.57796875,inf,False,True,0.643,2561
0.881,-1.34,five-field,5.151951789855957,5.8975390625,0.3712778985500335,4.612147808074951,5.8975390625,inf,False,True,0.735,1681
0.881,-1.24,five-field,5.480799674987793,5.842421874999999,0.5154587030410767,6.403213702373623,5.842421874999999,inf,False,True,0.81,1722
0.881,-1.14,five-field,5.0423359870910645,6.542734374999999,0.5154587030410767,6.403213702373623,6.542734374999999,inf,False,True,0.948,1681
0.881,-1.04,five-field,5.0423359870910645,8.993828125,0.5154587030410767,6.403213702373623,8.993828125,inf,False,True,1.13,1681
0.881,-0.94,five-field,2.1649158000946045,8.604765624999999,0.7197272777557373,8.940711524915992,8.604765624999999,inf,False,True,1.12,1681
0.981,-1.44,five-field,4.360622904354468,4.7173828125,0.3712778985500335,4.612147808074951,4.7173828125,inf,False,True,0.601,2583
0.981,-1.34,five-field,4.908702871853247,4.931367187499999,0.3712778985500335,4.612147808074951,4.931367187499999,inf,False,True,0.74,1681
0.981,-1.24,five-field,5.511590979153052,6.571914062499999,0.5154587030410767,6.403213702373623,6.571914062499999,inf,False,True,0.843,1722
0.981,-1.14,five-field,1.836067795753479,6.698359375,0.5154587030410767,6.403213702373623,6.698359375,inf,False,True,0.896,1681
0.981,-1.04,five-field,5.470331339011515,7.852578125,0.5154587030410767,6.403213702373623,7.852578125,inf,False,True,1.097,1681
1.081,-1.44,five-field,4.000983715057373,3.663671875,0.3429999947547912,4.260869500059519,3.663671875,inf,False,True,0.565,2583
1.081,-1.34,five-field,4.71348762512207,5.1258984375,0.3429999947547912,4.260869500059519,5.1258984375,inf,False,True,0.742,1681
1.081,-1.24,five-field,5.343779563903809,6.088828125,0.5157975554466248,6.407423049026394,6.088828125,inf,False,True,0.837,1722
1.081,-1.14,five-field,6.028879642486572,6.4227734375,0.5157975554466248,6.407423049026394,6.4227734375,inf,False,True,0.881,1681
1.081,-1.04,five-field,6.54955530166626,8.28703125,0.5157975554466248,6.407423049026394,8.28703125,inf,False,True,1.068,1681
1.081,-0.94,five-field,6.54955530166626,7.50890625,0.6427134275436401,7.984017733461368,7.50890625,inf,False,True,0.943,1681
1.181,-1.44,five-field,4.823103904724121,4.9183984375,0.3429999947547912,4.260869500059519,4.9183984375,inf,False,True,0.61,2583
1.181,-1.34,five-field,5.0423359870910645,5.92671875,0.3429999947547912,4.260869500059519,5.92671875,inf,False,True,0.761,1681
1.181,-1.24,five-field,5.069739818572998,5.894296874999999,0.5157975554466248,6.407423049026394,5.894296874999999,inf,False,True,0.757,1722
1.181,-1.14,five-field,5.700031757354736,6.1828515625,0.5157975554466248,6.407423049026394,6.1828515625,inf,False,True,0.807,1681
1.181,-1.04,five-field,5.700031757354736,6.481132812499999,0.5157975554466248,6.407423049026394,6.481132812499999,inf,False,True,0.81,1681
1.181,-0.94,five-field,6.138495922088623,6.3125390625,0.6427134275436401,7.984017733461368,6.3125390625,inf,False,True,0.854,1681
1.281,-1.44,five-field,4.275023937225342,4.4969140625,0.3680000007152557,4.571428580313736,4.4969140625,inf,False,True,0.586,2583
1.281,-1.34,five-field,4.47023896525677,4.931367187499999,0.3680000007152557,4.571428580313736,4.931367187499999,inf,False,True,0.664,1681
1.281,-1.24,five-field,4.384639263153076,5.0610546875,0.4670000076293945,5.801242330799932,5.0610546875,inf,False,True,0.656,1722
1.281,-1.14,five-field,5.700031757354736,6.0434375,0.4670000076293945,5.801242330799932,6.0434375,inf,False,True,0.713,1681
1.281,-1.04,five-field,5.700031757354736,6.5265234375,0.4670000076293945,5.801242330799932,6.5265234375,inf,False,True,0.78,1681
1.281,-0.94,five-field,6.138495922088623,8.124921875,0.5646250247955322,7.013975463298537,8.124921875,inf,False,True,1.002,1681
1.381,-1.44,five-field,4.549063682556152,4.675234375,0.3680000007152557,4.571428580313736,4.675234375,inf,False,True,0.589,2561
1.381,-1.34,five-field,4.110599994659424,4.480703125,0.3680000007152557,4.571428580313736,4.480703125,inf,False,True,0.629,1681
1.381,-1.24,five-field,4.384639263153076,5.356093749999999,0.4670000076293945,5.801242330799932,5.356093749999999,inf,False,True,0.706,1722
1.381,-1.14,five-field,4.384639263153076,5.343125,0.4670000076293945,5.801242330799932,5.343125,inf,False,True,0.73,1681
1.381,-1.04,five-field,2.9870359897613525,5.647890625,0.4670000076293945,5.801242330799932,5.647890625,inf,False,True,0.788,1681
1.481,-1.34,five-field,5.151951789855957,5.813242187499999,0.3680000007152557,4.571428580313736,5.813242187499999,inf,False,True,0.804,1681
1.481,-1.24,five-field,5.151951789855957,5.6187109375,0.4670000076293945,5.801242330799932,5.6187109375,inf,False,True,0.782,1722
1.481,-1.14,five-field,6.443326534185195,6.1050390625,0.4670000076293945,5.801242330799932,6.1050390625,inf,False,True,0.778,1681
