field,teBin,N_events,N_eff,N_rubin_only,N_roman_only,N_both,N_neither,N_gap_peaking,frac_gap_seen_by_rubin,frac_gap_seen_by_rubin_unw,N_ratio_tE,Neff_ratio_tE,med_ratio_tE,q25_ratio_tE,q75_ratio_tE,med_ratio_tE_unw,N_ratio_piE,Neff_ratio_piE,med_ratio_piE,q25_ratio_piE,q75_ratio_piE,med_ratio_piE_unw,N_char_joint,N_char_roman,dN_char,frac_char_joint,frac_char_roman,frac_rubin_singular
"F0(+0.400,-1.200)",10-30 d,402.0,179.56372964399688,117.0,182.0,94.0,9.0,137.0,0.44460868573198126,0.5401459854014599,400.0,178.28068047500992,0.6144620370128391,0.024787649916067613,0.9947981662029259,0.5581339292584608,400.0,178.28068047500992,0.6873433388457258,0.11347576704804102,0.9961633831699431,0.6363825808487861,32.0,25.0,7.0,0.03447322146215727,0.03158760351920477,0.0
"F0(+0.400,-1.200)",30-100 d,487.0,142.8012465179657,118.0,203.0,155.0,11.0,190.0,0.4673081617109984,0.45789473684210524,487.0,142.8012465179657,0.8052240700774406,0.13319220408810012,0.9930435279115358,0.7141897956669423,487.0,142.8012465179657,0.8486075879372671,0.15585038286671452,0.991293659735737,0.7775279431628519,176.0,123.0,53.0,0.23872595430133006,0.16970120724584836,0.0004127448000315969
"F0(+0.400,-1.200)",100-300 d,264.0,20.232473005910133,51.0,95.0,115.0,3.0,94.0,0.3737891032146647,0.5851063829787234,264.0,20.232473005910133,0.9451743324926944,0.03554780803516913,0.9996276739777958,0.8353297674064931,264.0,20.232473005910133,0.942276912181303,0.03241782575600305,0.9996150618328605,0.8417636245759494,180.0,131.0,49.0,0.4384970219135966,0.3315137513509414,0.003540476456939384
"F0(+0.400,-1.200)",300-inf d,92.0,31.523584843570458,2.0,34.0,56.0,0.0,32.0,0.5049225143775216,0.5625,92.0,31.523584843570458,0.9298425007530889,0.6950550261738143,0.9980599792606633,0.9510566911781376,92.0,31.523584843570458,0.934076216607413,0.6512328358487224,0.9985655254624791,0.9519957327381162,77.0,69.0,8.0,0.7704785603457598,0.6946428376051195,0.0
"F1(-0.418,-1.200)",10-30 d,431.0,176.02400464450812,151.0,174.0,93.0,13.0,119.0,0.5488504924279745,0.6134453781512605,426.0,175.10115467292735,0.6145526637409032,0.025889760635989655,0.9944592991795219,0.40019411225056556,426.0,175.10115467292735,0.6763028676181747,0.06360210254884459,0.9963803328110433,0.5397381409520337,24.0,11.0,13.0,0.01343218760288795,0.009200069209198695,0.0
"F1(-0.418,-1.200)",30-100 d,493.0,130.381575887717,179.0,163.0,141.0,10.0,194.0,0.5015021699797308,0.5721649484536082,489.0,129.06109890936898,0.5510290798815177,0.022883952973139058,0.9868426342202062,0.4026454510551942,489.0,129.06109890936898,0.6498927778742335,0.03136304924768546,0.984163465265559,0.478672335756412,139.0,83.0,56.0,0.1800835318370733,0.11866520436013356,0.0
"F1(-0.418,-1.200)",100-300 d,288.0,11.756177683929335,88.0,83.0,115.0,2.0,100.0,0.20556155432888776,0.63,284.0,11.601636221870267,0.9465931232209722,0.21756540935015756,0.9984912221100909,0.5982345782615324,284.0,11.601636221870267,0.9604209920704406,0.2642975637582135,0.9986699635449098,0.6209812889307069,183.0,115.0,68.0,0.2856595384040742,0.19349592754050451,0.0
"F1(-0.418,-1.200)",300-inf d,105.0,8.50741505141483,18.0,27.0,60.0,0.0,43.0,0.6171471219153837,0.7209302325581395,104.0,8.4611812762586,0.3438411078717201,0.08249471543293473,0.979487218900349,0.7128095796220743,104.0,8.4611812762586,0.33563282603822325,0.07077649228490827,0.9865004923045034,0.6995973237714828,82.0,67.0,15.0,0.8448156806433272,0.8015473686032284,0.0
"F2(-0.009,-1.200)",10-30 d,357.0,163.33092867471092,104.0,157.0,89.0,7.0,122.0,0.6218933284745022,0.6475409836065574,357.0,163.33092867471092,0.40251574820841823,0.0030557297481598354,0.970229122701236,0.414184046748064,357.0,163.33092867471092,0.45754900519666925,0.023581997466704162,0.977454067245805,0.5537056038722553,39.0,22.0,17.0,0.049436407975686526,0.021768700518314834,0.012231850031098017
"F2(-0.009,-1.200)",30-100 d,452.0,128.6911314321898,110.0,186.0,146.0,10.0,196.0,0.5743338766050534,0.4846938775510204,451.0,129.38754679638046,0.5748118496246049,0.13710950499611746,0.9551810132257341,0.6469870488625173,451.0,129.38754679638046,0.6820594148424719,0.2941587857543104,0.9695611639051996,0.7406133961856097,153.0,105.0,48.0,0.21140130958488135,0.13424213740935415,0.0
"F2(-0.009,-1.200)",100-300 d,299.0,18.903363148281567,43.0,121.0,132.0,3.0,102.0,0.5365228765377307,0.5098039215686274,299.0,18.903363148281567,0.8182401239970337,0.5728319413855514,0.9979359607957141,0.8201319157656359,299.0,18.903363148281567,0.8220670968012967,0.525103590351856,0.9961381069046776,0.8220670968012967,200.0,142.0,58.0,0.44949945505133765,0.33567515134893533,0.0
"F2(-0.009,-1.200)",300-inf d,86.0,27.165279685587343,2.0,36.0,48.0,0.0,23.0,0.6769560702850279,0.6521739130434783,86.0,27.165279685587343,0.8373448917689232,0.6467199574420428,0.9971662680230158,0.9448632722816837,86.0,27.165279685587343,0.8425349337424604,0.6318867568948159,0.9970357296404407,0.9431990085966524,69.0,58.0,11.0,0.7580280116535708,0.6497659634249486,0.0
"F3(+1.218,-1.200)",10-30 d,374.0,170.50986137519791,145.0,141.0,79.0,9.0,133.0,0.6945032650618364,0.6390977443609023,374.0,170.50986137519791,0.20345041448649973,0.0005210022294284556,0.9541997253373513,0.22454867326939337,374.0,170.50986137519791,0.3245088061809421,0.0015076165258362214,0.9719012941854287,0.31295051849514915,24.0,9.0,15.0,0.0190159313546965,0.005506780572218489,0.0
"F3(+1.218,-1.200)",30-100 d,456.0,122.8798235981397,145.0,143.0,162.0,6.0,140.0,0.6075750016577512,0.6,456.0,122.8798235981397,0.5226534171567634,0.035894810966657587,0.9269096727879398,0.5931975989291678,456.0,122.8798235981397,0.5495624488456373,0.043297286488648216,0.9240330234985945,0.5985704890621186,143.0,98.0,45.0,0.14086026958363596,0.08848382455441807,0.008955585644322226
"F3(+1.218,-1.200)",100-300 d,289.0,77.17963410628381,69.0,86.0,131.0,3.0,98.0,0.5067929602540078,0.6122448979591837,289.0,77.17963410628381,0.572108092293562,0.009660818628183583,0.9288443550237376,0.6638090132863651,289.0,77.17963410628381,0.5364809400320322,0.012587421415406367,0.9351925728806838,0.619405018735097,186.0,125.0,61.0,0.5508324045939009,0.36903419884131916,0.0
"F3(+1.218,-1.200)",300-inf d,92.0,34.114451655481425,6.0,34.0,52.0,0.0,32.0,0.24921792356479572,0.46875,92.0,34.114451655481425,0.8574931547172746,0.4024731757968597,0.9789461987809008,0.8604184831913205,92.0,34.114451655481425,0.8648158883695287,0.45278378422989946,0.982677387060443,0.8583726707267103,84.0,65.0,19.0,0.9552456784961615,0.6884639796380498,0.0
"F4(+0.000,-0.125)",10-30 d,543.0,277.9939561640967,88.0,354.0,93.0,8.0,187.0,0.3428636643953691,0.3315508021390374,542.0,276.9940310972587,0.9133035917713378,0.16589364511869104,0.9990504792301392,0.9276880923327155,542.0,276.9940310972587,0.9555906679312643,0.35252631916568183,0.9992109276302071,0.9588572599871958,38.0,30.0,8.0,0.03370151264835162,0.02576589888070046,0.0008727528006446511
"F4(+0.000,-0.125)",30-100 d,620.0,196.90703083590202,95.0,370.0,147.0,8.0,266.0,0.2644947712734997,0.3007518796992481,619.0,196.5207528055083,0.9676475708476853,0.3997971582903525,0.999204605792782,0.9735319912101773,619.0,196.5207528055083,0.9771351675344059,0.6707681738159645,0.9994013233087384,0.9760034983510377,200.0,168.0,32.0,0.15551721841940105,0.13201497292763775,0.0
"F4(+0.000,-0.125)",100-300 d,338.0,40.99943960619297,32.0,191.0,108.0,7.0,131.0,0.5344032719682671,0.3511450381679389,338.0,40.99943960619297,0.9645618163820517,0.8032744690230141,0.9970090809467637,0.980223794678996,338.0,40.99943960619297,0.9710683096435091,0.8263698223605861,0.9967804249839023,0.9813267805151633,210.0,173.0,37.0,0.42876387245489317,0.3538398809124453,0.0012264903805414037
"F4(+0.000,-0.125)",300-inf d,122.0,51.02868681318315,1.0,60.0,61.0,0.0,41.0,0.5819336666571737,0.6097560975609756,122.0,51.02868681318315,0.9841078738261497,0.4290352973618899,0.9982392067930188,0.9950744174634351,122.0,51.02868681318315,0.9838070246441332,0.386998191434824,0.9985572531865254,0.9952495733759583,101.0,90.0,11.0,0.8197209293721276,0.6551193906559902,0.0
"F5(+0.809,-1.200)",10-30 d,371.0,163.40451129933948,106.0,166.0,89.0,10.0,120.0,0.508048298189892,0.5333333333333333,370.0,163.39579671187627,0.5141238832595197,0.0009389523079005549,0.9904612990816732,0.5094572883367307,370.0,163.39579671187627,0.5900252821925018,0.005054251137159891,0.9925238582636828,0.5913497511064694,26.0,14.0,12.0,0.03381183791711305,0.018885568444837054,0.001050961246685254
"F5(+0.809,-1.200)",30-100 d,417.0,102.38460770215234,86.0,172.0,149.0,10.0,163.0,0.5720044652146683,0.50920245398773,417.0,102.38460770215234,0.6798255574755205,0.08240930422362783,0.9868029817025022,0.754778857028227,417.0,102.38460770215234,0.701702962677953,0.1717516548733166,0.9854325381651321,0.7490405894337502,152.0,108.0,44.0,0.16690502633176932,0.1334958712463876,0.0
"F5(+0.809,-1.200)",100-300 d,293.0,6.381591732957923,39.0,109.0,136.0,9.0,110.0,0.5868626810262705,0.5454545454545454,293.0,6.381591732957923,0.9904715625454562,0.5628427037783028,0.9959987018830071,0.8480352290763155,293.0,6.381591732957923,0.9879495940335795,0.6584691369951515,0.9976925920885775,0.8520402936656992,194.0,146.0,48.0,0.3377152530878137,0.2466068191381602,0.0
"F5(+0.809,-1.200)",300-inf d,89.0,23.589252387626434,3.0,38.0,47.0,1.0,22.0,0.5692348039909292,0.5,89.0,23.589252387626434,0.8212629078176505,0.5921548171212259,0.9376409279951897,0.8982072885265613,89.0,23.589252387626434,0.825768425971071,0.5910634465917873,0.9750614176509942,0.9037857484309109,73.0,61.0,12.0,0.7397189243090145,0.6141586496774182,0.0
